sku;nome_peca;categoria;custo_unitario;fornecedor;estoque_atual
PC-1015;AMORTECEDOR DIANTEIRO COFAP;SUSPENSAO;274.53;BOSCH DISTRIBUIDORA;45
PC-1039;BATERIA 60AH VALEO;ELETRICA;575.24;BOSCH DISTRIBUIDORA;15
PC-1045;FAROL DIANTEIRO MONROE;ELETRICA;193.92;FRAS-LE FRICCAO;38
PC-1001;PASTILHA DE FREIO VALEO;FREIOS;252.61;VALEO DO BRASIL;0
PC-1012;LONA DE FREIO MONROE;FREIOS;43.13;BOSCH DISTRIBUIDORA;61
PC-1018;AMORTECEDOR TRASEIRO MAHLE;SUSPENSAO;139.35;BOSCH DISTRIBUIDORA;48
PC-1007;FLUIDO DE FREIO DOT4 BOSCH;FREIOS;210.34;BOSCH DISTRIBUIDORA;19
PC-1026;CORREIA DENTADA NAKATA;MOTOR;40.04;VALEO DO BRASIL;43
PC-1003;PASTILHA DE FREIO VARGA;FREIOS;520.02;COFAP AUTOPECAS;42
PC-1016;AMORTECEDOR TRASEIRO MONROE;SUSPENSAO;504.36;VALEO DO BRASIL;41
PC-1021;MOLA HELICOIDAL MAHLE;SUSPENSAO;488.29;BOSCH DISTRIBUIDORA;22
PC-1037;BATERIA 60AH VARGA;ELETRICA;322.55;MAHLE METAL LEVE;59
PC-1040;ALTERNADOR MONROE;ELETRICA;182.74;COFAP AUTOPECAS;71
PC-1032;BOMBA D'AGUA MONROE;MOTOR;76.99;COFAP AUTOPECAS;12
PC-1006;DISCO DE FREIO BOSCH;FREIOS;295.71;COFAP AUTOPECAS;21
PC-1019;MOLA HELICOIDAL BOSCH;SUSPENSAO;252.40;FRAS-LE FRICCAO;51
PC-1047;MOTOR DE PARTIDA VARGA;ELETRICA;385.14;FRAS-LE FRICCAO;6
PC-1017;AMORTECEDOR TRASEIRO COFAP;SUSPENSAO;352.54;BOSCH DISTRIBUIDORA;3
PC-1005;DISCO DE FREIO MAHLE;FREIOS;270.33;NAKATA COMERCIO;48
PC-1034;FILTRO DE OLEO MAHLE;MOTOR;539.03;FRAS-LE FRICCAO;61
PC-1030;VELA DE IGNICAO FRAS-LE;MOTOR;102.41;MAHLE METAL LEVE;68
PC-1036;FILTRO DE OLEO FRAS-LE;MOTOR;611.92;COFAP AUTOPECAS;22
PC-1042;ALTERNADOR VALEO;ELETRICA;274.97;VALEO DO BRASIL;27
PC-1031;BOMBA D'AGUA MONROE;MOTOR;218.74;NAKATA COMERCIO;17
PC-1033;BOMBA D'AGUA FRAS-LE;MOTOR;27.13;MAHLE METAL LEVE;65
PC-1025;CORREIA DENTADA FRAS-LE;MOTOR;276.75;VALEO DO BRASIL;32
PC-1028;VELA DE IGNICAO BOSCH;MOTOR;53.63;COFAP AUTOPECAS;35
PC-1050;FILTRO DE AR FRAS-LE;FILTROS;44.96;VALEO DO BRASIL;28
PC-1053;FILTRO DE COMBUSTIVEL VARGA;FILTROS;422.97;COFAP AUTOPECAS;82
PC-1004;DISCO DE FREIO FRAS-LE;FREIOS;139.86;BOSCH DISTRIBUIDORA;85
PC-1020;MOLA HELICOIDAL FRAS-LE;SUSPENSAO;37.96;FRAS-LE FRICCAO;10
PC-1023;BIELETA VARGA;SUSPENSAO;313.96;FRAS-LE FRICCAO;52
PC-1055;FILTRO DE CABINE BOSCH;FILTROS;224.81;VALEO DO BRASIL;50
PC-1022;BIELETA VALEO;SUSPENSAO;220.24;BOSCH DISTRIBUIDORA;10
PC-1027;CORREIA DENTADA FRAS-LE;MOTOR;578.78;MAHLE METAL LEVE;10
PC-1029;VELA DE IGNICAO BOSCH;MOTOR;44.10;NAKATA COMERCIO;28
PC-1013;AMORTECEDOR DIANTEIRO BOSCH;SUSPENSAO;468.21;VALEO DO BRASIL;70
PC-1002;PASTILHA DE FREIO MAHLE;FREIOS;123.80;VALEO DO BRASIL;0
PC-1046;MOTOR DE PARTIDA COFAP;ELETRICA;175.34;MAHLE METAL LEVE;49
PC-1035;FILTRO DE OLEO VARGA;MOTOR;474.81;NAKATA COMERCIO;68
PC-1024;BIELETA FRAS-LE;SUSPENSAO;390.83;COFAP AUTOPECAS;49
PC-1049;FILTRO DE AR MAHLE;FILTROS;524.80;NAKATA COMERCIO;85
PC-1048;MOTOR DE PARTIDA BOSCH;ELETRICA;228.65;VALEO DO BRASIL;11
PC-1051;FILTRO DE AR BOSCH;FILTROS;93.07;BOSCH DISTRIBUIDORA;52
PC-1043;FAROL DIANTEIRO MONROE;ELETRICA;374.93;VALEO DO BRASIL;82
PC-1038;BATERIA 60AH VARGA;ELETRICA;568.26;BOSCH DISTRIBUIDORA;54
PC-1011;LONA DE FREIO BOSCH;FREIOS;550.23;NAKATA COMERCIO;69
PC-1009;FLUIDO DE FREIO DOT4 COFAP;FREIOS;238.33;COFAP AUTOPECAS;71
PC-1014;AMORTECEDOR DIANTEIRO MONROE;SUSPENSAO;161.80;FRAS-LE FRICCAO;4
PC-1041;ALTERNADOR VALEO;ELETRICA;441.20;COFAP AUTOPECAS;29
PC-1054;FILTRO DE COMBUSTIVEL VALEO;FILTROS;476.71;VALEO DO BRASIL;48
PC-1052;FILTRO DE COMBUSTIVEL VARGA;FILTROS;511.22;BOSCH DISTRIBUIDORA;20
PC-1008;FLUIDO DE FREIO DOT4 BOSCH;FREIOS;436.54;FRAS-LE FRICCAO;36
PC-1057;FILTRO DE CABINE FRAS-LE;FILTROS;86.66;FRAS-LE FRICCAO;66
PC-1010;LONA DE FREIO MONROE;FREIOS;569.43;NAKATA COMERCIO;20
PC-1044;FAROL DIANTEIRO COFAP;ELETRICA;274.75;MAHLE METAL LEVE;17
PC-1056;FILTRO DE CABINE BOSCH;FILTROS;344.80;VALEO DO BRASIL;36
