id_venda;data_venda;loja;cliente;sku;quantidade;preco_unitario;desconto;status;vendedor
V-3138;2025-01-01;LOJA SUL;EDUARDO CARVALHO;PC-1025;1;532.46;5.0;CONCLUIDA;ANA PRADO
V-3297;2025-06-02;LOJA SUL;AUTO CENTER ROCHA LTDA;PC-1052;2;804.65;0.0;CONCLUIDA;ANA PRADO
V-3273;2025-06-27;LOJA CENTRO;AUTO CENTER MARTINS LTDA;PC-1009;4;479.86;5.0;CONCLUIDA;DIEGO FONTES
V-3140;2025-06-21;LOJA NORTE;THIAGO ROCHA;PC-1040;1;424.17;20.0;CONCLUIDA;ELAINE ROCHA
V-3047;2025-04-07;LOJA CENTRO;JULIANA TEIXEIRA;PC-1026;8;81.53;5.0;CONCLUIDA;ELAINE ROCHA
V-3210;2025-06-07;LOJA SUL;AUTO CENTER ROCHA LTDA;PC-1045;-1;431.57;0.0;DEVOLVIDA;ELAINE ROCHA
V-3391;2025-02-03;LOJA CENTRO;AUTO CENTER ROCHA LTDA;PC-1025;1;525.27;10.0;CONCLUIDA;ANA PRADO
V-3094;2025-02-11;LOJA CENTRO;OFICINA RIBEIRO LTDA;PC-1041;2;860.25;15.0;CONCLUIDA;CARLA MENEZES
V-3069;2025-04-30;LOJA CENTRO;CENTRO AUTOMOTIVO SOUZA LTDA;PC-1037;3;505.28;0.0;CONCLUIDA;DIEGO FONTES
V-3056;2025-01-09;LOJA SUL;OFICINA ALMEIDA LTDA;PC-1027;1;1030.53;15.0;CONCLUIDA;CARLA MENEZES
V-3102;2025-01-13;LOJA NORTE;EDUARDO DIAS;PC-1043;1;569.10;15.0;CONCLUIDA;ELAINE ROCHA
V-3269;2025-05-01;LOJA SUL;CENTRO AUTOMOTIVO DIAS LTDA;PC-1008;4;720.57;0.0;CANCELADA;ANA PRADO
V-3281;2025-05-10;LOJA CENTRO;OFICINA MARTINS LTDA;PC-1041;3;836.48;0.0;CONCLUIDA;ANA PRADO
V-3002;2025-02-22;LOJA SUL;THIAGO CARVALHO;PC-1018;1;245.26;0.0;CONCLUIDA;CARLA MENEZES
V-3381;2025-03-26;LOJA CENTRO;CENTRO AUTOMOTIVO PEREIRA LTDA;PC-1016;2;837.17;0.0;CONCLUIDA;CARLA MENEZES
V-3022;2025-05-04;LOJA NORTE;MECANICA OLIVEIRA LTDA;PC-1008;3;687.41;0.0;CONCLUIDA;ANA PRADO
V-3252;2025-04-14;LOJA CENTRO;CENTRO AUTOMOTIVO LIMA LTDA;PC-1042;2;520.22;0.0;CANCELADA;ELAINE ROCHA
V-3354;2025-05-05;LOJA CENTRO;CENTRO AUTOMOTIVO ROCHA LTDA;PC-1011;4;918.71;10.0;CONCLUIDA;CARLA MENEZES
V-3151;2025-06-15;LOJA SUL;AUTO CENTER ALMEIDA LTDA;PC-1055;2;343.50;10.0;CONCLUIDA;BRUNO TAVARES
V-3077;2025-05-16;LOJA CENTRO;AUTO CENTER ALMEIDA LTDA;PC-1028;3;113.40;20.0;CONCLUIDA;BRUNO TAVARES
V-3138;2025-01-01;LOJA SUL;EDUARDO CARVALHO;PC-1043;1;572.95;0.0;CONCLUIDA;ANA PRADO
V-3050;2025-05-18;LOJA SUL;AUTO CENTER RIBEIRO LTDA;PC-1034;-3;1180.73;0.0;DEVOLVIDA;DIEGO FONTES
V-3121;2025-03-21;LOJA CENTRO;EDUARDO CARVALHO;PC-1024;6;647.16;5.0;CANCELADA;ELAINE ROCHA
V-3101;2025-05-15;LOJA SUL;EDUARDO SANTOS;PC-1039;1;1063.93;0.0;CONCLUIDA;ELAINE ROCHA
V-3189;2025-02-27;LOJA SUL;THIAGO TEIXEIRA;PC-1010;1;1111.82;10.0;CONCLUIDA;CARLA MENEZES
V-3065;2025-04-14;LOJA NORTE;CENTRO AUTOMOTIVO MARTINS LTDA;PC-1013;2;812.70;0.0;CONCLUIDA;ANA PRADO
V-3347;2025-06-21;LOJA SUL;MECANICA SOUZA LTDA;PC-1049;2;1065.30;20.0;CONCLUIDA;BRUNO TAVARES
V-3230;2025-05-26;LOJA NORTE;PATRICIA OLIVEIRA;PC-1015;2;518.04;15.0;CONCLUIDA;ELAINE ROCHA
V-3311;2025-06-09;LOJA CENTRO;AUTO CENTER RIBEIRO LTDA;PC-1054;1;869.12;20.0;CONCLUIDA;DIEGO FONTES
V-3263;2025-05-30;LOJA SUL;AUTO CENTER CARVALHO LTDA;PC-1049;1;1030.29;15.0;CONCLUIDA;ANA PRADO
V-3373;2025-01-22;LOJA SUL;OFICINA SANTOS LTDA;PC-1026;2;81.61;0.0;CONCLUIDA;CARLA MENEZES
V-3197;2025-02-05;LOJA CENTRO;OFICINA ALMEIDA LTDA;PC-1035;3;1090.18;10.0;CONCLUIDA;ELAINE ROCHA
V-3045;2025-01-02;LOJA SUL;CAMILA OLIVEIRA;PC-1051;4;154.68;10.0;CONCLUIDA;ELAINE ROCHA
V-3103;2025-02-11;LOJA SUL;CENTRO AUTOMOTIVO ROCHA LTDA;PC-1043;1;586.16;0.0;CONCLUIDA;ELAINE ROCHA
V-3207;2025-04-20;LOJA NORTE;CENTRO AUTOMOTIVO ALMEIDA LTDA;PC-1006;6;685.94;5.0;CONCLUIDA;ANA PRADO
V-3296;2025-03-17;LOJA NORTE;MECANICA OLIVEIRA LTDA;PC-1005;1;498.71;0.0;CONCLUIDA;DIEGO FONTES
V-3354;2025-05-05;LOJA CENTRO;CENTRO AUTOMOTIVO ROCHA LTDA;PC-1018;2;259.08;0.0;CONCLUIDA;CARLA MENEZES
V-3190;2025-02-28;LOJA CENTRO;VINICIUS MARTINS;PC-1039;1;1061.23;20.0;CONCLUIDA;ANA PRADO
V-3133;2025-04-13;LOJA SUL;AUTO CENTER MARTINS LTDA;PC-1027;6;1020.27;15.0;CONCLUIDA;BRUNO TAVARES
V-3358;2025-04-24;LOJA NORTE;CENTRO AUTOMOTIVO ROCHA LTDA;PC-1023;1;693.11;0.0;CONCLUIDA;ANA PRADO
V-3393;2025-02-24;LOJA SUL;AUTO CENTER CARVALHO LTDA;PC-1021;3;1025.11;0.0;CONCLUIDA;DIEGO FONTES
V-3354;2025-05-05;LOJA CENTRO;CENTRO AUTOMOTIVO ROCHA LTDA;PC-1025;1;510.80;15.0;CONCLUIDA;CARLA MENEZES
V-3352;2025-04-11;LOJA CENTRO;AUTO CENTER RIBEIRO LTDA;PC-1053;1;824.43;5.0;CONCLUIDA;DIEGO FONTES
V-3110;2025-04-11;LOJA NORTE;MECANICA MARTINS LTDA;PC-1018;1;260.86;10.0;CONCLUIDA;ANA PRADO
V-3363;2025-06-28;LOJA NORTE;OFICINA PEREIRA LTDA;PC-1040;2;432.93;0.0;CANCELADA;CARLA MENEZES
V-3269;2025-05-01;LOJA SUL;CENTRO AUTOMOTIVO DIAS LTDA;PC-1049;2;1044.65;0.0;CANCELADA;ANA PRADO
V-3395;2025-06-21;LOJA CENTRO;MECANICA SOUZA LTDA;PC-1007;4;358.94;0.0;CANCELADA;ANA PRADO
V-3030;2025-01-26;LOJA SUL;CAMILA PEREIRA;PC-1006;1;698.05;0.0;CONCLUIDA;ELAINE ROCHA
V-3053;2025-04-02;LOJA CENTRO;MECANICA SANTOS LTDA;PC-1037;8;486.68;10.0;CONCLUIDA;BRUNO TAVARES
V-3005;2025-02-27;LOJA CENTRO;CAMILA CARVALHO;PC-1006;1;665.52;0.0;CONCLUIDA;CARLA MENEZES
V-3033;2025-01-17;LOJA NORTE;CENTRO AUTOMOTIVO ALMEIDA LTDA;PC-1026;1;77.81;10.0;CONCLUIDA;ANA PRADO
V-3339;2025-04-28;LOJA CENTRO;MECANICA SANTOS LTDA;PC-1040;1;415.81;0.0;CONCLUIDA;BRUNO TAVARES
V-3016;2025-02-12;LOJA SUL;OFICINA LIMA LTDA;PC-1034;1;1203.00;10.0;CONCLUIDA;CARLA MENEZES
V-3071;2025-02-19;LOJA NORTE;OFICINA PEREIRA LTDA;PC-1028;6;110.75;5.0;CONCLUIDA;CARLA MENEZES
V-3065;2025-04-14;LOJA NORTE;CENTRO AUTOMOTIVO MARTINS LTDA;PC-1006;2;691.28;5.0;CONCLUIDA;ANA PRADO
V-3224;2025-04-11;LOJA CENTRO;EDUARDO CARVALHO;PC-1047;2;659.10;10.0;CONCLUIDA;ELAINE ROCHA
V-3150;2025-02-21;LOJA NORTE;ALINE RIBEIRO;PC-1041;1;844.34;0.0;CONCLUIDA;DIEGO FONTES
V-3189;2025-02-27;LOJA SUL;THIAGO TEIXEIRA;PC-1019;1;455.08;0.0;CONCLUIDA;CARLA MENEZES
V-3172;2025-06-09;LOJA NORTE;AUTO CENTER PEREIRA LTDA;PC-1056;3;571.84;15.0;CONCLUIDA;ELAINE ROCHA
V-3222;2025-06-02;LOJA NORTE;OFICINA SOUZA LTDA;PC-1035;1;1060.89;10.0;CONCLUIDA;ELAINE ROCHA
V-3129;2025-04-01;LOJA CENTRO;OFICINA ROCHA LTDA;PC-1045;2;418.35;0.0;CONCLUIDA;DIEGO FONTES
V-3199;2025-06-04;LOJA SUL;CAMILA ALMEIDA;PC-1033;2;52.32;0.0;CONCLUIDA;BRUNO TAVARES
V-3319;2025-06-16;LOJA CENTRO;EDUARDO TEIXEIRA;PC-1042;2;555.29;5.0;CONCLUIDA;DIEGO FONTES
V-3063;2025-05-27;LOJA NORTE;EDUARDO SANTOS;PC-1013;1;848.71;10.0;CONCLUIDA;CARLA MENEZES
V-3071;2025-02-19;LOJA NORTE;OFICINA PEREIRA LTDA;PC-1056;1;536.37;10.0;CONCLUIDA;CARLA MENEZES
V-3095;2025-04-07;LOJA CENTRO;EDUARDO CARVALHO;PC-1034;3;1146.76;0.0;CONCLUIDA;ELAINE ROCHA
V-3066;2025-04-05;LOJA CENTRO;PATRICIA OLIVEIRA;PC-1008;1;695.54;0.0;CONCLUIDA;BRUNO TAVARES
V-3231;2025-04-29;LOJA SUL;OFICINA SILVA LTDA;PC-1037;4;492.66;0.0;CONCLUIDA;DIEGO FONTES
V-3235;2025-04-05;LOJA CENTRO;AUTO CENTER SOUZA LTDA;PC-1021;1;1035.70;0.0;CONCLUIDA;BRUNO TAVARES
V-3126;2025-04-03;LOJA SUL;CAMILA OLIVEIRA;PC-1049;1;1007.04;0.0;CANCELADA;ELAINE ROCHA
V-3107;2025-04-22;LOJA CENTRO;AUTO CENTER CARVALHO LTDA;PC-1032;1;140.61;0.0;CONCLUIDA;BRUNO TAVARES
V-3022;2025-05-04;LOJA NORTE;MECANICA OLIVEIRA LTDA;PC-1026;2;78.36;0.0;CONCLUIDA;ANA PRADO
V-3119;2025-03-06;LOJA SUL;THIAGO ROCHA;PC-1048;1;438.12;0.0;CONCLUIDA;ELAINE ROCHA
V-3146;2025-02-26;LOJA CENTRO;THIAGO ROCHA;PC-1054;3;895.35;0.0;CONCLUIDA;ELAINE ROCHA
V-3370;2025-03-29;LOJA CENTRO;CENTRO AUTOMOTIVO ALMEIDA LTDA;PC-1026;1;81.50;0.0;CONCLUIDA;DIEGO FONTES
V-3323;2025-01-27;LOJA SUL;THIAGO ROCHA;PC-1029;-1;89.45;5.0;DEVOLVIDA;DIEGO FONTES
V-3166;2025-01-09;LOJA SUL;AUTO CENTER RIBEIRO LTDA;PC-1023;1;698.40;0.0;CONCLUIDA;DIEGO FONTES
V-3006;2025-03-18;LOJA CENTRO;FERNANDA OLIVEIRA;PC-1016;2;863.71;0.0;CONCLUIDA;ELAINE ROCHA
V-3038;2025-03-27;LOJA NORTE;MARIANA TEIXEIRA;PC-1045;3;410.73;0.0;CONCLUIDA;BRUNO TAVARES
V-3243;2025-02-15;LOJA SUL;OFICINA RIBEIRO LTDA;PC-1026;1;82.85;0.0;CONCLUIDA;ANA PRADO
V-3250;2025-03-07;LOJA SUL;MECANICA CARVALHO LTDA;PC-1008;4;718.42;15.0;CONCLUIDA;DIEGO FONTES
V-3248;2025-04-11;LOJA CENTRO;CENTRO AUTOMOTIVO PEREIRA LTDA;PC-1016;2;849.05;10.0;CONCLUIDA;ANA PRADO
V-3085;2025-06-26;LOJA CENTRO;MARCOS MARTINS;PC-1048;2;427.57;0.0;CONCLUIDA;ELAINE ROCHA
V-3130;2025-03-16;LOJA CENTRO;GUSTAVO BARBOSA;PC-1009;1;482.61;0.0;CONCLUIDA;ELAINE ROCHA
V-3082;2025-06-07;LOJA CENTRO;OFICINA PEREIRA LTDA;PC-1057;-1;157.61;5.0;DEVOLVIDA;DIEGO FONTES
V-3175;2025-02-15;LOJA NORTE;CENTRO AUTOMOTIVO ALMEIDA LTDA;PC-1017;6;676.85;0.0;CONCLUIDA;ANA PRADO
V-3084;2025-05-04;LOJA SUL;CENTRO AUTOMOTIVO ALMEIDA LTDA;PC-1024;1;619.48;0.0;CONCLUIDA;ELAINE ROCHA
V-3229;2025-05-03;LOJA CENTRO;ALINE TEIXEIRA;PC-1038;4;1074.42;0.0;CONCLUIDA;ELAINE ROCHA
V-3315;2025-05-30;LOJA NORTE;JULIANA TEIXEIRA;PC-1037;1;510.35;10.0;CONCLUIDA;ANA PRADO
V-3219;2025-02-03;LOJA SUL;OFICINA LIMA LTDA;PC-1042;4;535.46;0.0;CANCELADA;ELAINE ROCHA
V-3074;2025-03-16;LOJA CENTRO;GUSTAVO SILVA;PC-1033;3;51.01;0.0;CONCLUIDA;CARLA MENEZES
V-3141;2025-02-27;LOJA CENTRO;CENTRO AUTOMOTIVO PEREIRA LTDA;PC-1047;2;646.54;0.0;CONCLUIDA;DIEGO FONTES
V-3186;2025-01-27;LOJA CENTRO;ALINE RIBEIRO;PC-1023;2;677.15;5.0;CANCELADA;CARLA MENEZES
V-3079;2025-04-13;LOJA NORTE;CENTRO AUTOMOTIVO DIAS LTDA;PC-1009;-3;468.73;0.0;DEVOLVIDA;BRUNO TAVARES
V-3037;2025-01-18;LOJA NORTE;CENTRO AUTOMOTIVO ROCHA LTDA;PC-1032;3;140.64;0.0;CONCLUIDA;ANA PRADO
V-3367;2025-04-10;LOJA SUL;CENTRO AUTOMOTIVO DIAS LTDA;PC-1054;1;867.64;5.0;CONCLUIDA;DIEGO FONTES
V-3092;2025-01-03;LOJA CENTRO;OFICINA MARTINS LTDA;PC-1028;3;107.89;20.0;CONCLUIDA;ELAINE ROCHA
V-3233;2025-05-01;LOJA NORTE;CENTRO AUTOMOTIVO SILVA LTDA;PC-1014;3;335.12;0.0;CONCLUIDA;DIEGO FONTES
V-3292;2025-04-26;LOJA NORTE;OFICINA SILVA LTDA;PC-1047;1;639.94;0.0;CONCLUIDA;BRUNO TAVARES
V-3017;2025-06-21;LOJA CENTRO;MECANICA PEREIRA LTDA;PC-1053;2;814.30;15.0;CANCELADA;ANA PRADO
V-3059;2025-02-07;LOJA NORTE;CAMILA OLIVEIRA;PC-1048;1;451.68;0.0;CONCLUIDA;ANA PRADO
V-3105;2025-06-24;LOJA SUL;OFICINA ALMEIDA LTDA;PC-1011;4;945.55;0.0;CONCLUIDA;ELAINE ROCHA
V-3091;2025-03-19;LOJA SUL;OFICINA RIBEIRO LTDA;PC-1021;6;1015.30;5.0;CONCLUIDA;ANA PRADO
V-3040;2025-05-27;LOJA CENTRO;AUTO CENTER ROCHA LTDA;PC-1009;4;461.13;0.0;CONCLUIDA;ANA PRADO
V-3322;2025-06-24;LOJA NORTE;ALINE RIBEIRO;PC-1034;3;1190.59;0.0;CONCLUIDA;CARLA MENEZES
V-3205;2025-03-08;LOJA CENTRO;AUTO CENTER CARVALHO LTDA;PC-1014;1;326.37;15.0;CONCLUIDA;CARLA MENEZES
V-3371;2025-04-28;LOJA SUL;RODRIGO ROCHA;PC-1027;2;1079.13;0.0;CONCLUIDA;ANA PRADO
V-3066;2025-04-05;LOJA CENTRO;PATRICIA OLIVEIRA;PC-1029;3;86.47;20.0;CONCLUIDA;BRUNO TAVARES
V-3378;2025-05-18;LOJA SUL;CENTRO AUTOMOTIVO LIMA LTDA;PC-1030;2;230.44;0.0;CONCLUIDA;DIEGO FONTES
V-3105;2025-06-24;LOJA SUL;OFICINA ALMEIDA LTDA;PC-1057;1;157.85;10.0;CONCLUIDA;ELAINE ROCHA
V-3344;2025-05-03;LOJA NORTE;OFICINA CARVALHO LTDA;PC-1009;-1;478.95;15.0;DEVOLVIDA;DIEGO FONTES
V-3278;2025-04-23;LOJA CENTRO;AUTO CENTER MARTINS LTDA;PC-1008;4;687.35;0.0;CANCELADA;CARLA MENEZES
V-3396;2025-05-27;LOJA CENTRO;AUTO CENTER PEREIRA LTDA;PC-1013;4;794.96;0.0;CONCLUIDA;CARLA MENEZES
V-3117;2025-04-13;LOJA CENTRO;OFICINA SILVA LTDA;PC-1004;1;326.55;0.0;CANCELADA;ANA PRADO
V-3267;2025-03-29;LOJA CENTRO;OFICINA ALMEIDA LTDA;PC-1035;8;1081.48;0.0;CONCLUIDA;ELAINE ROCHA
V-3222;2025-06-02;LOJA NORTE;OFICINA SOUZA LTDA;PC-1037;1;488.56;0.0;CONCLUIDA;ELAINE ROCHA
V-3119;2025-03-06;LOJA SUL;THIAGO ROCHA;PC-1018;4;251.00;0.0;CONCLUIDA;ELAINE ROCHA
V-3304;2025-06-11;LOJA CENTRO;MECANICA OLIVEIRA LTDA;PC-1009;6;475.27;5.0;CANCELADA;ELAINE ROCHA
V-3122;2025-05-29;LOJA SUL;OFICINA PEREIRA LTDA;PC-1013;1;829.66;0.0;CONCLUIDA;CARLA MENEZES
V-3250;2025-03-07;LOJA SUL;MECANICA CARVALHO LTDA;PC-1018;1;256.22;10.0;CONCLUIDA;DIEGO FONTES
V-3332;2025-04-07;LOJA NORTE;RODRIGO ALMEIDA;PC-1046;6;261.88;0.0;CONCLUIDA;BRUNO TAVARES
V-3156;2025-01-07;LOJA NORTE;AUTO CENTER RIBEIRO LTDA;PC-1051;3;154.13;0.0;CONCLUIDA;CARLA MENEZES
V-3275;2025-04-15;LOJA CENTRO;CENTRO AUTOMOTIVO TEIXEIRA LTDA;PC-1051;1;151.44;5.0;CONCLUIDA;ELAINE ROCHA
V-3039;2025-04-14;LOJA CENTRO;MECANICA OLIVEIRA LTDA;PC-1003;3;1107.89;5.0;CONCLUIDA;ELAINE ROCHA
V-3101;2025-05-15;LOJA SUL;EDUARDO SANTOS;PC-1038;6;1091.15;5.0;CONCLUIDA;ELAINE ROCHA
V-3228;2025-01-17;LOJA NORTE;OFICINA LIMA LTDA;PC-1052;8;834.23;5.0;CONCLUIDA;BRUNO TAVARES
V-3235;2025-04-05;LOJA CENTRO;AUTO CENTER SOUZA LTDA;PC-1054;4;899.07;0.0;CONCLUIDA;BRUNO TAVARES
V-3179;2025-02-02;LOJA CENTRO;FERNANDA PEREIRA;PC-1050;2;69.27;0.0;CONCLUIDA;ANA PRADO
V-3346;2025-02-21;LOJA SUL;AUTO CENTER CARVALHO LTDA;PC-1054;1;886.96;5.0;CONCLUIDA;ELAINE ROCHA
V-3374;2025-03-10;LOJA SUL;OFICINA SOUZA LTDA;PC-1023;4;695.82;10.0;CONCLUIDA;DIEGO FONTES
V-3206;2025-03-16;LOJA CENTRO;OFICINA LIMA LTDA;PC-1047;4;638.06;0.0;CONCLUIDA;ANA PRADO
V-3331;2025-02-02;LOJA SUL;CENTRO AUTOMOTIVO ALMEIDA LTDA;PC-1005;1;509.90;0.0;CONCLUIDA;BRUNO TAVARES
V-3367;2025-04-10;LOJA SUL;CENTRO AUTOMOTIVO DIAS LTDA;PC-1046;2;263.32;10.0;CONCLUIDA;DIEGO FONTES
V-3303;2025-06-03;LOJA CENTRO;LUCAS BARBOSA;PC-1015;1;507.06;0.0;CONCLUIDA;DIEGO FONTES
V-3053;2025-04-02;LOJA CENTRO;MECANICA SANTOS LTDA;PC-1015;2;503.27;0.0;CONCLUIDA;BRUNO TAVARES
V-3174;2025-05-06;LOJA CENTRO;OFICINA RIBEIRO LTDA;PC-1012;2;93.47;10.0;CONCLUIDA;DIEGO FONTES
V-3336;2025-01-25;LOJA SUL;AUTO CENTER TEIXEIRA LTDA;PC-1005;2;487.90;0.0;CONCLUIDA;ELAINE ROCHA
V-3018;2025-02-12;LOJA NORTE;AUTO CENTER BARBOSA LTDA;PC-1014;1;346.82;0.0;CONCLUIDA;ANA PRADO
V-3349;2025-05-21;LOJA SUL;CENTRO AUTOMOTIVO SILVA LTDA;PC-1053;3;824.78;0.0;CONCLUIDA;CARLA MENEZES
V-3274;2025-06-06;LOJA SUL;OFICINA SOUZA LTDA;PC-1045;2;429.02;0.0;CONCLUIDA;ANA PRADO
V-3032;2025-04-22;LOJA CENTRO;MARCOS MARTINS;PC-1018;6;260.22;0.0;CONCLUIDA;ANA PRADO
V-3277;2025-01-07;LOJA SUL;AUTO CENTER CARVALHO LTDA;PC-1055;1;350.73;5.0;CONCLUIDA;BRUNO TAVARES
V-3110;2025-04-11;LOJA NORTE;MECANICA MARTINS LTDA;PC-1028;3;113.30;5.0;CONCLUIDA;ANA PRADO
V-3340;2025-02-26;LOJA SUL;RAFAEL SOUZA;PC-1016;2;833.24;15.0;CONCLUIDA;CARLA MENEZES
V-3251;2025-02-12;LOJA CENTRO;OFICINA ROCHA LTDA;PC-1029;1;85.10;0.0;CONCLUIDA;BRUNO TAVARES
V-3318;2025-06-06;LOJA NORTE;OFICINA SOUZA LTDA;PC-1057;1;152.71;0.0;CONCLUIDA;CARLA MENEZES
V-3171;2025-04-26;LOJA CENTRO;ALINE TEIXEIRA;PC-1008;3;678.01;0.0;CONCLUIDA;ANA PRADO
V-3018;2025-02-12;LOJA NORTE;AUTO CENTER BARBOSA LTDA;PC-1026;1;82.30;15.0;CONCLUIDA;ANA PRADO
V-3021;2025-03-29;LOJA SUL;OFICINA PEREIRA LTDA;PC-1048;4;442.00;10.0;CONCLUIDA;ANA PRADO
V-3175;2025-02-15;LOJA NORTE;CENTRO AUTOMOTIVO ALMEIDA LTDA;PC-1043;1;549.23;0.0;CONCLUIDA;ANA PRADO
V-3325;2025-01-22;LOJA CENTRO;MECANICA OLIVEIRA LTDA;PC-1004;4;327.60;0.0;CONCLUIDA;ANA PRADO
V-3115;2025-01-08;LOJA CENTRO;LARISSA ALMEIDA;PC-1053;1;828.89;0.0;CONCLUIDA;ANA PRADO
V-3288;2025-06-02;LOJA CENTRO;MECANICA MARTINS LTDA;PC-1034;1;1148.08;0.0;CONCLUIDA;CARLA MENEZES
V-3259;2025-02-25;LOJA CENTRO;EDUARDO SANTOS;PC-1033;2;51.36;10.0;CONCLUIDA;BRUNO TAVARES
V-3016;2025-02-12;LOJA SUL;OFICINA LIMA LTDA;PC-1045;3;419.56;0.0;CONCLUIDA;CARLA MENEZES
V-3091;2025-03-19;LOJA SUL;OFICINA RIBEIRO LTDA;PC-1040;2;432.73;10.0;CONCLUIDA;ANA PRADO
V-3003;2025-01-26;LOJA CENTRO;JULIANA MARTINS;PC-1016;3;825.51;20.0;CONCLUIDA;ELAINE ROCHA
V-3074;2025-03-16;LOJA CENTRO;GUSTAVO SILVA;PC-1004;1;323.54;10.0;CONCLUIDA;CARLA MENEZES
V-3136;2025-05-27;LOJA NORTE;OFICINA ALMEIDA LTDA;PC-1024;1;642.24;0.0;CONCLUIDA;DIEGO FONTES
V-3209;2025-03-06;LOJA SUL;CENTRO AUTOMOTIVO TEIXEIRA LTDA;PC-1007;-8;362.10;0.0;DEVOLVIDA;CARLA MENEZES
V-3394;2025-03-24;LOJA CENTRO;MECANICA MARTINS LTDA;PC-1040;2;429.93;0.0;CONCLUIDA;BRUNO TAVARES
V-3299;2025-02-23;LOJA CENTRO;AUTO CENTER ALMEIDA LTDA;PC-1042;1;545.73;0.0;CONCLUIDA;DIEGO FONTES
V-3069;2025-04-30;LOJA CENTRO;CENTRO AUTOMOTIVO SOUZA LTDA;PC-1050;1;67.84;5.0;CONCLUIDA;DIEGO FONTES
V-3163;2025-05-15;LOJA NORTE;OFICINA CARVALHO LTDA;PC-1045;1;405.04;15.0;CONCLUIDA;CARLA MENEZES
V-3157;2025-03-30;LOJA SUL;LARISSA OLIVEIRA;PC-1011;3;927.66;0.0;CONCLUIDA;CARLA MENEZES
V-3043;2025-06-07;LOJA NORTE;EDUARDO CARVALHO;PC-1011;6;972.08;15.0;CANCELADA;BRUNO TAVARES
V-3132;2025-04-01;LOJA NORTE;OFICINA RIBEIRO LTDA;PC-1016;3;817.31;0.0;CONCLUIDA;ANA PRADO
V-3052;2025-05-03;LOJA CENTRO;FERNANDA PEREIRA;PC-1038;-2;1114.98;0.0;DEVOLVIDA;ANA PRADO
V-3135;2025-06-26;LOJA NORTE;CENTRO AUTOMOTIVO TEIXEIRA LTDA;PC-1038;1;1111.42;0.0;CONCLUIDA;DIEGO FONTES
V-3215;2025-04-17;LOJA CENTRO;JULIANA TEIXEIRA;PC-1046;2;251.91;0.0;CONCLUIDA;ANA PRADO
V-3011;2025-02-22;LOJA NORTE;GUSTAVO SILVA;PC-1024;4;618.93;0.0;CONCLUIDA;DIEGO FONTES
V-3114;2025-05-10;LOJA SUL;MARIANA TEIXEIRA;PC-1007;8;359.98;15.0;CONCLUIDA;BRUNO TAVARES
V-3273;2025-06-27;LOJA CENTRO;AUTO CENTER MARTINS LTDA;PC-1019;2;476.33;10.0;CONCLUIDA;DIEGO FONTES
V-3366;2025-03-31;LOJA CENTRO;CENTRO AUTOMOTIVO DIAS LTDA;PC-1019;-1;458.40;15.0;DEVOLVIDA;ELAINE ROCHA
V-3218;2025-02-18;LOJA CENTRO;OFICINA ALMEIDA LTDA;PC-1013;2;844.59;0.0;CONCLUIDA;ELAINE ROCHA
V-3129;2025-04-01;LOJA CENTRO;OFICINA ROCHA LTDA;PC-1008;2;703.70;0.0;CONCLUIDA;DIEGO FONTES
V-3053;2025-04-02;LOJA CENTRO;MECANICA SANTOS LTDA;PC-1010;1;1082.56;10.0;CONCLUIDA;BRUNO TAVARES
V-3368;2025-02-06;LOJA NORTE;THIAGO PEREIRA;PC-1046;-3;263.84;0.0;DEVOLVIDA;ELAINE ROCHA
V-3282;2025-03-20;LOJA SUL;OFICINA ALMEIDA LTDA;PC-1055;1;350.84;10.0;CONCLUIDA;ELAINE ROCHA
V-3109;2025-01-15;LOJA CENTRO;OFICINA CARVALHO LTDA;PC-1007;2;381.72;10.0;CONCLUIDA;BRUNO TAVARES
V-3019;2025-06-09;LOJA NORTE;AUTO CENTER PEREIRA LTDA;PC-1045;-1;414.98;20.0;DEVOLVIDA;CARLA MENEZES
V-3012;2025-01-15;LOJA CENTRO;AUTO CENTER MARTINS LTDA;PC-1041;2;860.27;0.0;CONCLUIDA;BRUNO TAVARES
V-3333;2025-04-25;LOJA CENTRO;RAFAEL SOUZA;PC-1015;2;500.47;0.0;CONCLUIDA;CARLA MENEZES
V-3203;2025-01-05;LOJA NORTE;OFICINA ALMEIDA LTDA;PC-1032;2;135.34;0.0;CONCLUIDA;BRUNO TAVARES
V-3092;2025-01-03;LOJA CENTRO;OFICINA MARTINS LTDA;PC-1037;1;493.86;0.0;CONCLUIDA;ELAINE ROCHA
V-3334;2025-05-26;LOJA NORTE;OFICINA ALMEIDA LTDA;PC-1007;1;371.38;0.0;CONCLUIDA;ANA PRADO
V-3307;2025-04-04;LOJA NORTE;AUTO CENTER ALMEIDA LTDA;PC-1045;1;417.39;0.0;CONCLUIDA;ANA PRADO
V-3276;2025-02-04;LOJA NORTE;LARISSA OLIVEIRA;PC-1056;3;562.22;0.0;CONCLUIDA;DIEGO FONTES
V-3371;2025-04-28;LOJA SUL;RODRIGO ROCHA;PC-1013;3;810.36;0.0;CONCLUIDA;ANA PRADO
V-3124;2025-03-21;LOJA SUL;ALINE PEREIRA;PC-1038;1;1075.19;15.0;CONCLUIDA;ANA PRADO
V-3289;2025-03-29;LOJA SUL;MECANICA SOUZA LTDA;PC-1032;6;133.39;5.0;CONCLUIDA;CARLA MENEZES
V-3254;2025-04-14;LOJA NORTE;AUTO CENTER TEIXEIRA LTDA;PC-1027;4;1062.62;0.0;CANCELADA;DIEGO FONTES
V-3082;2025-06-07;LOJA CENTRO;OFICINA PEREIRA LTDA;PC-1052;-1;792.93;0.0;DEVOLVIDA;DIEGO FONTES
V-3220;2025-02-07;LOJA NORTE;MECANICA BARBOSA LTDA;PC-1029;1;89.28;5.0;CONCLUIDA;CARLA MENEZES
V-3161;2025-05-16;LOJA CENTRO;OFICINA MARTINS LTDA;PC-1038;2;1084.58;0.0;CONCLUIDA;CARLA MENEZES
V-3202;2025-06-19;LOJA NORTE;OFICINA ROCHA LTDA;PC-1030;2;220.76;5.0;CONCLUIDA;ELAINE ROCHA
V-3019;2025-06-09;LOJA NORTE;AUTO CENTER PEREIRA LTDA;PC-1025;-6;533.44;5.0;DEVOLVIDA;CARLA MENEZES
V-3388;2025-01-20;LOJA NORTE;CENTRO AUTOMOTIVO MARTINS LTDA;PC-1021;1;1014.58;0.0;CONCLUIDA;ANA PRADO
V-3113;2025-03-31;LOJA NORTE;OFICINA RIBEIRO LTDA;PC-1012;8;97.12;5.0;CONCLUIDA;ANA PRADO
V-3216;2025-06-07;LOJA NORTE;AUTO CENTER SOUZA LTDA;PC-1004;1;311.91;0.0;CONCLUIDA;ELAINE ROCHA
V-3178;2025-01-19;LOJA NORTE;MECANICA BARBOSA LTDA;PC-1040;6;425.46;0.0;CONCLUIDA;CARLA MENEZES
V-3364;2025-04-19;LOJA CENTRO;THIAGO TEIXEIRA;PC-1005;2;518.08;20.0;CONCLUIDA;ELAINE ROCHA
V-3292;2025-04-26;LOJA NORTE;OFICINA SILVA LTDA;PC-1010;2;1067.12;0.0;CONCLUIDA;BRUNO TAVARES
V-3081;2025-03-29;LOJA SUL;LARISSA OLIVEIRA;PC-1024;1;632.18;5.0;CONCLUIDA;DIEGO FONTES
V-3035;2025-01-07;LOJA SUL;OFICINA ALMEIDA LTDA;PC-1046;6;262.34;10.0;CONCLUIDA;CARLA MENEZES
V-3274;2025-06-06;LOJA SUL;OFICINA SOUZA LTDA;PC-1040;1;412.47;0.0;CONCLUIDA;ANA PRADO
V-3208;2025-02-21;LOJA SUL;CENTRO AUTOMOTIVO DIAS LTDA;PC-1046;4;252.36;0.0;CONCLUIDA;ELAINE ROCHA
V-3047;2025-04-07;LOJA CENTRO;JULIANA TEIXEIRA;PC-1007;3;377.56;0.0;CONCLUIDA;ELAINE ROCHA
V-3172;2025-06-09;LOJA NORTE;AUTO CENTER PEREIRA LTDA;PC-1015;4;514.44;20.0;CONCLUIDA;ELAINE ROCHA
V-3331;2025-02-02;LOJA SUL;CENTRO AUTOMOTIVO ALMEIDA LTDA;PC-1012;2;94.34;0.0;CONCLUIDA;BRUNO TAVARES
V-3010;2025-06-11;LOJA SUL;MECANICA OLIVEIRA LTDA;PC-1051;1;147.20;0.0;CONCLUIDA;CARLA MENEZES
V-3277;2025-01-07;LOJA SUL;AUTO CENTER CARVALHO LTDA;PC-1017;2;678.39;5.0;CONCLUIDA;BRUNO TAVARES
V-3322;2025-06-24;LOJA NORTE;ALINE RIBEIRO;PC-1039;1;1057.62;15.0;CONCLUIDA;CARLA MENEZES
V-3306;2025-03-30;LOJA NORTE;OFICINA MARTINS LTDA;PC-1007;1;371.00;5.0;CONCLUIDA;BRUNO TAVARES
V-3056;2025-01-09;LOJA SUL;OFICINA ALMEIDA LTDA;PC-1047;2;647.81;0.0;CONCLUIDA;CARLA MENEZES
V-3244;2025-02-04;LOJA NORTE;CENTRO AUTOMOTIVO PEREIRA LTDA;PC-1005;1;488.18;10.0;CANCELADA;CARLA MENEZES
V-3230;2025-05-26;LOJA NORTE;PATRICIA OLIVEIRA;PC-1038;2;1134.13;5.0;CONCLUIDA;ELAINE ROCHA
V-3217;2025-05-21;LOJA NORTE;AUTO CENTER ROCHA LTDA;PC-1024;1;620.11;10.0;CONCLUIDA;BRUNO TAVARES
V-3074;2025-03-16;LOJA CENTRO;GUSTAVO SILVA;PC-1056;2;543.01;0.0;CONCLUIDA;CARLA MENEZES
V-3226;2025-04-07;LOJA NORTE;AUTO CENTER ROCHA LTDA;PC-1016;2;816.90;5.0;CONCLUIDA;CARLA MENEZES
V-3015;2025-06-11;LOJA NORTE;OFICINA SANTOS LTDA;PC-1048;2;432.65;15.0;CONCLUIDA;ELAINE ROCHA
V-3122;2025-05-29;LOJA SUL;OFICINA PEREIRA LTDA;PC-1021;6;997.89;5.0;CONCLUIDA;CARLA MENEZES
V-3369;2025-06-09;LOJA NORTE;OFICINA SOUZA LTDA;PC-1047;1;635.59;0.0;CONCLUIDA;ANA PRADO
V-3333;2025-04-25;LOJA CENTRO;RAFAEL SOUZA;PC-1005;3;490.80;10.0;CONCLUIDA;CARLA MENEZES
V-3192;2025-05-19;LOJA CENTRO;OFICINA LIMA LTDA;PC-1051;4;154.62;0.0;CONCLUIDA;ANA PRADO
V-3049;2025-05-28;LOJA CENTRO;AUTO CENTER BARBOSA LTDA;PC-1012;-1;96.94;5.0;DEVOLVIDA;CARLA MENEZES
V-3328;2025-04-15;LOJA NORTE;AUTO CENTER TEIXEIRA LTDA;PC-1034;2;1193.37;15.0;CONCLUIDA;CARLA MENEZES
V-3142;2025-01-18;LOJA SUL;AUTO CENTER ROCHA LTDA;PC-1013;4;818.77;0.0;CONCLUIDA;DIEGO FONTES
V-3285;2025-05-18;LOJA CENTRO;AUTO CENTER ALMEIDA LTDA;PC-1032;1;142.40;0.0;CANCELADA;ELAINE ROCHA
V-3022;2025-05-04;LOJA NORTE;MECANICA OLIVEIRA LTDA;PC-1050;2;68.41;10.0;CONCLUIDA;ANA PRADO
V-3014;2025-02-18;LOJA CENTRO;MECANICA DIAS LTDA;PC-1012;1;94.24;0.0;CONCLUIDA;CARLA MENEZES
V-3120;2025-02-02;LOJA NORTE;MECANICA BARBOSA LTDA;PC-1005;1;488.60;10.0;CONCLUIDA;ELAINE ROCHA
V-3246;2025-04-01;LOJA SUL;MARIANA TEIXEIRA;PC-1021;2;1003.15;0.0;CONCLUIDA;CARLA MENEZES
V-3367;2025-04-10;LOJA SUL;CENTRO AUTOMOTIVO DIAS LTDA;PC-1008;8;684.63;0.0;CONCLUIDA;DIEGO FONTES
V-3138;2025-01-01;LOJA SUL;EDUARDO CARVALHO;PC-1053;1;805.68;5.0;CONCLUIDA;ANA PRADO
V-3398;2025-05-10;LOJA NORTE;OFICINA PEREIRA LTDA;PC-1033;1;51.21;5.0;CONCLUIDA;ANA PRADO
V-3166;2025-01-09;LOJA SUL;AUTO CENTER RIBEIRO LTDA;PC-1034;2;1198.34;10.0;CONCLUIDA;DIEGO FONTES
V-3090;2025-05-27;LOJA CENTRO;OFICINA SANTOS LTDA;PC-1034;1;1195.63;15.0;CONCLUIDA;CARLA MENEZES
V-3207;2025-04-20;LOJA NORTE;CENTRO AUTOMOTIVO ALMEIDA LTDA;PC-1030;6;225.39;0.0;CONCLUIDA;ANA PRADO
V-3207;2025-04-20;LOJA NORTE;CENTRO AUTOMOTIVO ALMEIDA LTDA;PC-1024;3;652.36;10.0;CONCLUIDA;ANA PRADO
V-3240;2025-05-06;LOJA CENTRO;FERNANDA PEREIRA;PC-1003;2;1078.69;20.0;CONCLUIDA;ELAINE ROCHA
V-3025;2025-01-09;LOJA CENTRO;THIAGO PEREIRA;PC-1007;1;366.02;0.0;CONCLUIDA;ANA PRADO
V-3019;2025-06-09;LOJA NORTE;AUTO CENTER PEREIRA LTDA;PC-1004;-1;323.86;0.0;DEVOLVIDA;CARLA MENEZES
V-3081;2025-03-29;LOJA SUL;LARISSA OLIVEIRA;PC-1004;4;318.49;5.0;CONCLUIDA;DIEGO FONTES
V-3137;2025-06-06;LOJA NORTE;THIAGO ROCHA;PC-1027;-2;1019.01;0.0;DEVOLVIDA;CARLA MENEZES
V-3313;2025-03-21;LOJA SUL;OFICINA SOUZA LTDA;PC-1043;2;555.82;0.0;CONCLUIDA;ELAINE ROCHA
V-3191;2025-05-10;LOJA NORTE;OFICINA ALMEIDA LTDA;PC-1016;4;864.60;0.0;CONCLUIDA;BRUNO TAVARES
V-3127;2025-01-04;LOJA CENTRO;AUTO CENTER ALMEIDA LTDA;PC-1026;2;78.72;10.0;CONCLUIDA;ANA PRADO
V-3026;2025-03-23;LOJA SUL;THIAGO CARVALHO;PC-1057;1;158.36;0.0;CONCLUIDA;BRUNO TAVARES
V-3233;2025-05-01;LOJA NORTE;CENTRO AUTOMOTIVO SILVA LTDA;PC-1051;6;147.06;0.0;CONCLUIDA;DIEGO FONTES
V-3139;2025-04-17;LOJA SUL;OFICINA RIBEIRO LTDA;PC-1055;3;350.58;20.0;CONCLUIDA;ANA PRADO
V-3237;2025-03-25;LOJA NORTE;MARIANA TEIXEIRA;PC-1047;1;631.94;0.0;CONCLUIDA;BRUNO TAVARES
V-3053;2025-04-02;LOJA CENTRO;MECANICA SANTOS LTDA;PC-1048;8;429.14;5.0;CONCLUIDA;BRUNO TAVARES
V-3083;2025-06-14;LOJA CENTRO;CENTRO AUTOMOTIVO SILVA LTDA;PC-1007;4;363.32;0.0;CONCLUIDA;ANA PRADO
V-3337;2025-01-26;LOJA CENTRO;JULIANA SANTOS;PC-1053;-1;831.22;10.0;DEVOLVIDA;ELAINE ROCHA
V-3369;2025-06-09;LOJA NORTE;OFICINA SOUZA LTDA;PC-1005;3;513.10;10.0;CONCLUIDA;ANA PRADO
V-3245;2025-01-31;LOJA NORTE;EDUARDO TEIXEIRA;PC-1049;1;1072.70;5.0;CONCLUIDA;ANA PRADO
V-3017;2025-06-21;LOJA CENTRO;MECANICA PEREIRA LTDA;PC-1056;4;558.64;5.0;CANCELADA;ANA PRADO
V-3056;2025-01-09;LOJA SUL;OFICINA ALMEIDA LTDA;PC-1006;3;674.61;0.0;CONCLUIDA;CARLA MENEZES
V-3125;2025-02-24;LOJA SUL;OFICINA SANTOS LTDA;PC-1004;1;316.64;0.0;CONCLUIDA;ELAINE ROCHA
V-3199;2025-06-04;LOJA SUL;CAMILA ALMEIDA;PC-1034;2;1218.00;5.0;CONCLUIDA;BRUNO TAVARES
V-3346;2025-02-21;LOJA SUL;AUTO CENTER CARVALHO LTDA;PC-1016;2;855.72;0.0;CONCLUIDA;ELAINE ROCHA
V-3047;2025-04-07;LOJA CENTRO;JULIANA TEIXEIRA;PC-1041;3;854.56;0.0;CONCLUIDA;ELAINE ROCHA
V-3308;2025-06-02;LOJA CENTRO;ALINE RIBEIRO;PC-1005;3;513.76;5.0;CONCLUIDA;BRUNO TAVARES
V-3319;2025-06-16;LOJA CENTRO;EDUARDO TEIXEIRA;PC-1017;1;665.20;10.0;CONCLUIDA;DIEGO FONTES
V-3050;2025-05-18;LOJA SUL;AUTO CENTER RIBEIRO LTDA;PC-1055;-8;336.83;0.0;DEVOLVIDA;DIEGO FONTES
V-3248;2025-04-11;LOJA CENTRO;CENTRO AUTOMOTIVO PEREIRA LTDA;PC-1051;2;151.76;0.0;CONCLUIDA;ANA PRADO
V-3057;2025-01-30;LOJA NORTE;MECANICA CARVALHO LTDA;PC-1041;2;867.18;5.0;CONCLUIDA;BRUNO TAVARES
V-3137;2025-06-06;LOJA NORTE;THIAGO ROCHA;PC-1009;-2;484.16;0.0;DEVOLVIDA;CARLA MENEZES
V-3108;2025-01-04;LOJA NORTE;RODRIGO ROCHA;PC-1051;4;153.42;10.0;CONCLUIDA;DIEGO FONTES
V-3064;2025-04-16;LOJA CENTRO;LARISSA ALMEIDA;PC-1055;1;334.68;0.0;CONCLUIDA;ELAINE ROCHA
V-3294;2025-04-25;LOJA SUL;CENTRO AUTOMOTIVO DIAS LTDA;PC-1040;4;432.62;10.0;CONCLUIDA;ANA PRADO
V-3232;2025-01-03;LOJA NORTE;CENTRO AUTOMOTIVO MARTINS LTDA;PC-1045;1;424.99;0.0;CONCLUIDA;ANA PRADO
V-3143;2025-02-04;LOJA NORTE;AUTO CENTER CARVALHO LTDA;PC-1035;1;1042.71;10.0;CONCLUIDA;ELAINE ROCHA
V-3238;2025-02-15;LOJA CENTRO;AUTO CENTER CARVALHO LTDA;PC-1048;2;441.54;10.0;CANCELADA;ELAINE ROCHA
V-3208;2025-02-21;LOJA SUL;CENTRO AUTOMOTIVO DIAS LTDA;PC-1054;1;878.25;0.0;CONCLUIDA;ELAINE ROCHA
V-3350;2025-02-20;LOJA NORTE;CENTRO AUTOMOTIVO SOUZA LTDA;PC-1040;1;415.48;0.0;CONCLUIDA;CARLA MENEZES
V-3380;2025-06-19;LOJA SUL;MARIANA TEIXEIRA;PC-1025;1;541.16;5.0;CONCLUIDA;BRUNO TAVARES
V-3375;2025-06-30;LOJA NORTE;MECANICA MARTINS LTDA;PC-1015;8;514.99;0.0;CANCELADA;BRUNO TAVARES
V-3195;2025-01-22;LOJA NORTE;OFICINA SANTOS LTDA;PC-1034;3;1166.27;0.0;CONCLUIDA;ELAINE ROCHA
V-3012;2025-01-15;LOJA CENTRO;AUTO CENTER MARTINS LTDA;PC-1028;3;107.65;0.0;CONCLUIDA;BRUNO TAVARES
V-3345;2025-03-04;LOJA CENTRO;CAMILA PEREIRA;PC-1004;3;311.96;0.0;CONCLUIDA;ELAINE ROCHA
V-3214;2025-01-24;LOJA SUL;THIAGO TEIXEIRA;PC-1039;2;1070.18;10.0;CONCLUIDA;DIEGO FONTES
V-3361;2025-02-10;LOJA CENTRO;THIAGO PEREIRA;PC-1025;1;523.48;0.0;CONCLUIDA;BRUNO TAVARES
V-3311;2025-06-09;LOJA CENTRO;AUTO CENTER RIBEIRO LTDA;PC-1057;4;160.20;10.0;CONCLUIDA;DIEGO FONTES
V-3278;2025-04-23;LOJA CENTRO;AUTO CENTER MARTINS LTDA;PC-1024;4;620.03;20.0;CANCELADA;CARLA MENEZES
V-3352;2025-04-11;LOJA CENTRO;AUTO CENTER RIBEIRO LTDA;PC-1029;3;90.50;10.0;CONCLUIDA;DIEGO FONTES
V-3143;2025-02-04;LOJA NORTE;AUTO CENTER CARVALHO LTDA;PC-1008;1;699.08;15.0;CONCLUIDA;ELAINE ROCHA
V-3365;2025-06-28;LOJA NORTE;OFICINA PEREIRA LTDA;PC-1017;1;696.96;0.0;CONCLUIDA;BRUNO TAVARES
V-3001;2025-06-04;LOJA NORTE;LARISSA OLIVEIRA;PC-1006;3;699.77;0.0;CONCLUIDA;ANA PRADO
V-3235;2025-04-05;LOJA CENTRO;AUTO CENTER SOUZA LTDA;PC-1013;1;821.60;0.0;CONCLUIDA;BRUNO TAVARES
V-3338;2025-03-28;LOJA SUL;PATRICIA OLIVEIRA;PC-1047;2;663.31;0.0;CONCLUIDA;ANA PRADO
V-3295;2025-03-28;LOJA CENTRO;ALINE TEIXEIRA;PC-1003;1;1069.68;0.0;CONCLUIDA;CARLA MENEZES
V-3071;2025-02-19;LOJA NORTE;OFICINA PEREIRA LTDA;PC-1004;2;325.40;0.0;CONCLUIDA;CARLA MENEZES
V-3045;2025-01-02;LOJA SUL;CAMILA OLIVEIRA;PC-1005;1;494.23;5.0;CONCLUIDA;ELAINE ROCHA
V-3344;2025-05-03;LOJA NORTE;OFICINA CARVALHO LTDA;PC-1055;-2;335.26;0.0;DEVOLVIDA;DIEGO FONTES
V-3036;2025-01-05;LOJA SUL;OFICINA RIBEIRO LTDA;PC-1056;6;558.29;0.0;CONCLUIDA;ANA PRADO
V-3305;2025-03-19;LOJA CENTRO;THIAGO ROCHA;PC-1057;3;152.61;0.0;CONCLUIDA;ANA PRADO
V-3005;2025-02-27;LOJA CENTRO;CAMILA CARVALHO;PC-1045;2;422.74;5.0;CONCLUIDA;CARLA MENEZES
V-3141;2025-02-27;LOJA CENTRO;CENTRO AUTOMOTIVO PEREIRA LTDA;PC-1043;2;585.84;0.0;CONCLUIDA;DIEGO FONTES
V-3024;2025-01-04;LOJA SUL;MECANICA PEREIRA LTDA;PC-1005;6;510.97;0.0;CANCELADA;CARLA MENEZES
V-3159;2025-03-13;LOJA SUL;EDUARDO CARVALHO;PC-1018;3;252.45;0.0;CONCLUIDA;ELAINE ROCHA
V-3366;2025-03-31;LOJA CENTRO;CENTRO AUTOMOTIVO DIAS LTDA;PC-1033;-1;49.20;10.0;DEVOLVIDA;ELAINE ROCHA
V-3270;2025-02-09;LOJA NORTE;FERNANDA OLIVEIRA;PC-1055;1;344.61;20.0;CONCLUIDA;CARLA MENEZES
V-3364;2025-04-19;LOJA CENTRO;THIAGO TEIXEIRA;PC-1017;1;676.70;0.0;CONCLUIDA;ELAINE ROCHA
V-3142;2025-01-18;LOJA SUL;AUTO CENTER ROCHA LTDA;PC-1057;2;154.66;0.0;CONCLUIDA;DIEGO FONTES
V-3264;2025-04-17;LOJA CENTRO;AUTO CENTER CARVALHO LTDA;PC-1043;1;562.69;5.0;CONCLUIDA;ANA PRADO
V-3319;2025-06-16;LOJA CENTRO;EDUARDO TEIXEIRA;PC-1006;1;692.15;0.0;CONCLUIDA;DIEGO FONTES
V-3327;2025-01-16;LOJA CENTRO;MARCOS MARTINS;PC-1018;3;259.30;5.0;CONCLUIDA;ELAINE ROCHA
V-3185;2025-03-14;LOJA SUL;CAMILA CARVALHO;PC-1012;1;98.69;5.0;CONCLUIDA;ELAINE ROCHA
V-3295;2025-03-28;LOJA CENTRO;ALINE TEIXEIRA;PC-1056;1;558.21;0.0;CONCLUIDA;CARLA MENEZES
V-3239;2025-03-13;LOJA NORTE;LARISSA OLIVEIRA;PC-1039;2;1016.83;5.0;CANCELADA;BRUNO TAVARES
V-3260;2025-01-21;LOJA NORTE;AUTO CENTER CARVALHO LTDA;PC-1015;1;497.75;15.0;CONCLUIDA;CARLA MENEZES
V-3122;2025-05-29;LOJA SUL;OFICINA PEREIRA LTDA;PC-1006;2;692.27;15.0;CONCLUIDA;CARLA MENEZES
V-3330;2025-01-12;LOJA CENTRO;EDUARDO CARVALHO;PC-1040;-2;415.14;0.0;DEVOLVIDA;ELAINE ROCHA
V-3101;2025-05-15;LOJA SUL;EDUARDO SANTOS;PC-1047;3;654.73;10.0;CONCLUIDA;ELAINE ROCHA
V-3386;2025-06-29;LOJA SUL;AUTO CENTER PEREIRA LTDA;PC-1057;4;151.37;15.0;CONCLUIDA;ELAINE ROCHA
V-3248;2025-04-11;LOJA CENTRO;CENTRO AUTOMOTIVO PEREIRA LTDA;PC-1013;1;836.74;15.0;CONCLUIDA;ANA PRADO
V-3221;2025-05-09;LOJA SUL;OFICINA SOUZA LTDA;PC-1019;6;469.53;0.0;CONCLUIDA;CARLA MENEZES
V-3068;2025-04-16;LOJA SUL;OFICINA ALMEIDA LTDA;PC-1038;3;1121.86;20.0;CONCLUIDA;ELAINE ROCHA
V-3092;2025-01-03;LOJA CENTRO;OFICINA MARTINS LTDA;PC-1041;1;855.38;0.0;CONCLUIDA;ELAINE ROCHA
V-3287;2025-03-24;LOJA CENTRO;ALINE PEREIRA;PC-1023;2;689.05;10.0;CONCLUIDA;BRUNO TAVARES
V-3238;2025-02-15;LOJA CENTRO;AUTO CENTER CARVALHO LTDA;PC-1039;2;1064.15;20.0;CANCELADA;ELAINE ROCHA
V-3222;2025-06-02;LOJA NORTE;OFICINA SOUZA LTDA;PC-1003;1;1101.84;20.0;CONCLUIDA;ELAINE ROCHA
V-3156;2025-01-07;LOJA NORTE;AUTO CENTER RIBEIRO LTDA;PC-1053;1;784.42;5.0;CONCLUIDA;CARLA MENEZES
V-3241;2025-02-04;LOJA SUL;OFICINA SANTOS LTDA;PC-1037;1;500.61;0.0;CONCLUIDA;BRUNO TAVARES
V-3376;2025-04-12;LOJA NORTE;CENTRO AUTOMOTIVO ROCHA LTDA;PC-1035;1;1088.06;0.0;CONCLUIDA;BRUNO TAVARES
V-3234;2025-04-26;LOJA SUL;OFICINA ALMEIDA LTDA;PC-1024;1;622.82;0.0;CONCLUIDA;ANA PRADO
V-3314;2025-02-28;LOJA SUL;AUTO CENTER RIBEIRO LTDA;PC-1019;3;460.04;10.0;CANCELADA;ELAINE ROCHA
V-3011;2025-02-22;LOJA NORTE;GUSTAVO SILVA;PC-1013;3;848.21;0.0;CONCLUIDA;DIEGO FONTES
V-3320;2025-01-15;LOJA SUL;AUTO CENTER BARBOSA LTDA;PC-1003;1;1083.62;0.0;CONCLUIDA;ANA PRADO
V-3149;2025-04-23;LOJA SUL;OFICINA ROCHA LTDA;PC-1029;1;86.07;5.0;CANCELADA;BRUNO TAVARES
V-3260;2025-01-21;LOJA NORTE;AUTO CENTER CARVALHO LTDA;PC-1037;2;501.58;0.0;CONCLUIDA;CARLA MENEZES
V-3130;2025-03-16;LOJA CENTRO;GUSTAVO BARBOSA;PC-1034;1;1145.98;10.0;CONCLUIDA;ELAINE ROCHA
V-3209;2025-03-06;LOJA SUL;CENTRO AUTOMOTIVO TEIXEIRA LTDA;PC-1046;-1;263.16;0.0;DEVOLVIDA;CARLA MENEZES
V-3281;2025-05-10;LOJA CENTRO;OFICINA MARTINS LTDA;PC-1010;1;1094.71;0.0;CONCLUIDA;ANA PRADO
V-3393;2025-02-24;LOJA SUL;AUTO CENTER CARVALHO LTDA;PC-1050;1;69.60;0.0;CONCLUIDA;DIEGO FONTES
V-3233;2025-05-01;LOJA NORTE;CENTRO AUTOMOTIVO SILVA LTDA;PC-1005;1;502.05;10.0;CONCLUIDA;DIEGO FONTES
V-3075;2025-03-09;LOJA NORTE;EDUARDO SANTOS;PC-1016;3;870.52;0.0;CONCLUIDA;DIEGO FONTES
V-3055;2025-03-21;LOJA CENTRO;BEATRIZ DIAS;PC-1009;1;463.08;5.0;CONCLUIDA;CARLA MENEZES
V-3158;2025-02-19;LOJA SUL;OFICINA SILVA LTDA;PC-1032;1;138.84;5.0;CONCLUIDA;ANA PRADO
V-3017;2025-06-21;LOJA CENTRO;MECANICA PEREIRA LTDA;PC-1019;2;472.31;10.0;CANCELADA;ANA PRADO
V-3252;2025-04-14;LOJA CENTRO;CENTRO AUTOMOTIVO LIMA LTDA;PC-1029;2;85.26;10.0;CANCELADA;ELAINE ROCHA
V-3265;2025-03-26;LOJA SUL;THIAGO ROCHA;PC-1015;6;507.18;0.0;CANCELADA;CARLA MENEZES
V-3265;2025-03-26;LOJA SUL;THIAGO ROCHA;PC-1053;6;784.97;0.0;CANCELADA;CARLA MENEZES
V-3360;2025-01-18;LOJA CENTRO;OFICINA OLIVEIRA LTDA;PC-1024;4;646.78;15.0;CONCLUIDA;BRUNO TAVARES
V-3236;2025-06-27;LOJA NORTE;THIAGO PEREIRA;PC-1038;1;1101.25;0.0;CONCLUIDA;BRUNO TAVARES
V-3009;2025-03-01;LOJA NORTE;OFICINA SOUZA LTDA;PC-1026;2;79.39;0.0;CANCELADA;ELAINE ROCHA
V-3028;2025-03-03;LOJA CENTRO;AUTO CENTER SOUZA LTDA;PC-1047;2;631.52;20.0;CONCLUIDA;ELAINE ROCHA
V-3235;2025-04-05;LOJA CENTRO;AUTO CENTER SOUZA LTDA;PC-1016;1;839.98;0.0;CONCLUIDA;BRUNO TAVARES
V-3032;2025-04-22;LOJA CENTRO;MARCOS MARTINS;PC-1030;3;221.58;10.0;CONCLUIDA;ANA PRADO
V-3218;2025-02-18;LOJA CENTRO;OFICINA ALMEIDA LTDA;PC-1052;2;806.80;5.0;CONCLUIDA;ELAINE ROCHA
V-3381;2025-03-26;LOJA CENTRO;CENTRO AUTOMOTIVO PEREIRA LTDA;PC-1030;4;220.95;0.0;CONCLUIDA;CARLA MENEZES
V-3237;2025-03-25;LOJA NORTE;MARIANA TEIXEIRA;PC-1054;1;908.98;10.0;CONCLUIDA;BRUNO TAVARES
V-3047;2025-04-07;LOJA CENTRO;JULIANA TEIXEIRA;PC-1013;1;834.06;0.0;CONCLUIDA;ELAINE ROCHA
V-3162;2025-04-04;LOJA CENTRO;OFICINA PEREIRA LTDA;PC-1011;1;931.74;15.0;CONCLUIDA;DIEGO FONTES
V-3276;2025-02-04;LOJA NORTE;LARISSA OLIVEIRA;PC-1015;1;530.80;5.0;CONCLUIDA;DIEGO FONTES
V-3007;2025-02-20;LOJA SUL;OFICINA OLIVEIRA LTDA;PC-1057;1;151.01;0.0;CONCLUIDA;ANA PRADO
V-3322;2025-06-24;LOJA NORTE;ALINE RIBEIRO;PC-1005;3;497.98;5.0;CONCLUIDA;CARLA MENEZES
V-3359;2025-03-12;LOJA SUL;OFICINA SANTOS LTDA;PC-1013;2;842.25;0.0;CONCLUIDA;ELAINE ROCHA
V-3325;2025-01-22;LOJA CENTRO;MECANICA OLIVEIRA LTDA;PC-1025;4;524.09;5.0;CONCLUIDA;ANA PRADO
V-3088;2025-03-18;LOJA CENTRO;CENTRO AUTOMOTIVO LIMA LTDA;PC-1021;1;1007.48;0.0;CONCLUIDA;ELAINE ROCHA
V-3211;2025-06-30;LOJA SUL;CAMILA PEREIRA;PC-1043;1;561.70;0.0;CONCLUIDA;ELAINE ROCHA
V-3125;2025-02-24;LOJA SUL;OFICINA SANTOS LTDA;PC-1049;6;1029.09;0.0;CONCLUIDA;ELAINE ROCHA
V-3344;2025-05-03;LOJA NORTE;OFICINA CARVALHO LTDA;PC-1015;-4;517.71;0.0;DEVOLVIDA;DIEGO FONTES
V-3353;2025-04-25;LOJA SUL;MECANICA BARBOSA LTDA;PC-1034;2;1204.84;20.0;CONCLUIDA;CARLA MENEZES
V-3205;2025-03-08;LOJA CENTRO;AUTO CENTER CARVALHO LTDA;PC-1042;1;548.31;0.0;CONCLUIDA;CARLA MENEZES
V-3365;2025-06-28;LOJA NORTE;OFICINA PEREIRA LTDA;PC-1024;2;625.29;0.0;CONCLUIDA;BRUNO TAVARES
V-3392;2025-05-10;LOJA SUL;ALINE RIBEIRO;PC-1016;1;848.98;0.0;CONCLUIDA;DIEGO FONTES
V-3141;2025-02-27;LOJA CENTRO;CENTRO AUTOMOTIVO PEREIRA LTDA;PC-1021;2;1011.52;0.0;CONCLUIDA;DIEGO FONTES
V-3119;2025-03-06;LOJA SUL;THIAGO ROCHA;PC-1006;3;671.85;0.0;CONCLUIDA;ELAINE ROCHA
V-3023;2025-05-26;LOJA CENTRO;OFICINA SOUZA LTDA;PC-1046;1;251.86;10.0;CONCLUIDA;CARLA MENEZES
V-3174;2025-05-06;LOJA CENTRO;OFICINA RIBEIRO LTDA;PC-1046;2;263.76;5.0;CONCLUIDA;DIEGO FONTES
V-3180;2025-06-26;LOJA CENTRO;MECANICA SOUZA LTDA;PC-1023;2;682.23;0.0;CONCLUIDA;BRUNO TAVARES
V-3378;2025-05-18;LOJA SUL;CENTRO AUTOMOTIVO LIMA LTDA;PC-1048;1;438.89;5.0;CONCLUIDA;DIEGO FONTES
V-3148;2025-02-13;LOJA CENTRO;AUTO CENTER TEIXEIRA LTDA;PC-1050;2;69.50;0.0;CONCLUIDA;ANA PRADO
V-3360;2025-01-18;LOJA CENTRO;OFICINA OLIVEIRA LTDA;PC-1049;3;1039.31;0.0;CONCLUIDA;BRUNO TAVARES
V-3083;2025-06-14;LOJA CENTRO;CENTRO AUTOMOTIVO SILVA LTDA;PC-1009;8;465.31;5.0;CONCLUIDA;ANA PRADO
V-3290;2025-03-24;LOJA SUL;CENTRO AUTOMOTIVO SOUZA LTDA;PC-1015;4;531.29;0.0;CONCLUIDA;CARLA MENEZES
V-3199;2025-06-04;LOJA SUL;CAMILA ALMEIDA;PC-1049;4;1026.13;5.0;CONCLUIDA;BRUNO TAVARES
V-3280;2025-05-20;LOJA CENTRO;AUTO CENTER TEIXEIRA LTDA;PC-1025;4;528.78;0.0;CONCLUIDA;CARLA MENEZES
V-3151;2025-06-15;LOJA SUL;AUTO CENTER ALMEIDA LTDA;PC-1043;8;584.56;10.0;CONCLUIDA;BRUNO TAVARES
V-3031;2025-03-29;LOJA SUL;OFICINA SOUZA LTDA;PC-1045;6;406.31;5.0;CONCLUIDA;CARLA MENEZES
V-3400;2025-05-29;LOJA CENTRO;OFICINA ALMEIDA LTDA;PC-1049;1;1067.62;0.0;CANCELADA;ELAINE ROCHA
V-3013;2025-06-15;LOJA NORTE;MARIANA TEIXEIRA;PC-1038;2;1099.26;15.0;CONCLUIDA;BRUNO TAVARES
V-3080;2025-06-29;LOJA NORTE;MECANICA SANTOS LTDA;PC-1046;6;256.44;10.0;CONCLUIDA;ANA PRADO
V-3057;2025-01-30;LOJA NORTE;MECANICA CARVALHO LTDA;PC-1023;4;712.02;20.0;CONCLUIDA;BRUNO TAVARES
V-3336;2025-01-25;LOJA SUL;AUTO CENTER TEIXEIRA LTDA;PC-1028;2;113.78;0.0;CONCLUIDA;ELAINE ROCHA
V-3121;2025-03-21;LOJA CENTRO;EDUARDO CARVALHO;PC-1037;3;508.45;0.0;CANCELADA;ELAINE ROCHA
V-3243;2025-02-15;LOJA SUL;OFICINA RIBEIRO LTDA;PC-1005;2;510.75;15.0;CONCLUIDA;ANA PRADO
V-3198;2025-06-15;LOJA SUL;OFICINA RIBEIRO LTDA;PC-1024;1;650.39;0.0;CONCLUIDA;BRUNO TAVARES
V-3251;2025-02-12;LOJA CENTRO;OFICINA ROCHA LTDA;PC-1040;1;424.87;5.0;CONCLUIDA;BRUNO TAVARES
V-3274;2025-06-06;LOJA SUL;OFICINA SOUZA LTDA;PC-1050;1;68.41;0.0;CONCLUIDA;ANA PRADO
V-3026;2025-03-23;LOJA SUL;THIAGO CARVALHO;PC-1005;1;502.49;0.0;CONCLUIDA;BRUNO TAVARES
V-3374;2025-03-10;LOJA SUL;OFICINA SOUZA LTDA;PC-1043;2;577.32;0.0;CONCLUIDA;DIEGO FONTES
V-3257;2025-06-13;LOJA CENTRO;MECANICA MARTINS LTDA;PC-1019;1;458.99;0.0;CONCLUIDA;CARLA MENEZES
V-3225;2025-03-06;LOJA NORTE;CENTRO AUTOMOTIVO ROCHA LTDA;PC-1035;8;1070.72;0.0;CONCLUIDA;DIEGO FONTES
V-3228;2025-01-17;LOJA NORTE;OFICINA LIMA LTDA;PC-1013;1;823.65;10.0;CONCLUIDA;BRUNO TAVARES
V-3298;2025-05-25;LOJA CENTRO;AUTO CENTER MARTINS LTDA;PC-1004;6;313.36;0.0;CONCLUIDA;ELAINE ROCHA
V-3008;2025-01-21;LOJA CENTRO;EDUARDO SANTOS;PC-1007;4;370.54;0.0;CONCLUIDA;BRUNO TAVARES
V-3255;2025-04-28;LOJA CENTRO;GUSTAVO SILVA;PC-1054;-1;867.48;0.0;DEVOLVIDA;ELAINE ROCHA
V-3091;2025-03-19;LOJA SUL;OFICINA RIBEIRO LTDA;PC-1028;4;111.62;20.0;CONCLUIDA;ANA PRADO
V-3147;2025-01-27;LOJA NORTE;EDUARDO CARVALHO;PC-1011;1;925.40;10.0;CONCLUIDA;BRUNO TAVARES
V-3080;2025-06-29;LOJA NORTE;MECANICA SANTOS LTDA;PC-1029;3;89.45;15.0;CONCLUIDA;ANA PRADO
V-3049;2025-05-28;LOJA CENTRO;AUTO CENTER BARBOSA LTDA;PC-1008;-6;693.11;0.0;DEVOLVIDA;CARLA MENEZES
V-3268;2025-02-27;LOJA NORTE;AUTO CENTER SANTOS LTDA;PC-1010;2;1056.59;0.0;CONCLUIDA;DIEGO FONTES
V-3372;2025-01-16;LOJA CENTRO;OFICINA SILVA LTDA;PC-1048;2;452.33;0.0;CONCLUIDA;CARLA MENEZES
V-3160;2025-06-27;LOJA CENTRO;OFICINA RIBEIRO LTDA;PC-1027;3;1035.46;0.0;CONCLUIDA;BRUNO TAVARES
V-3380;2025-06-19;LOJA SUL;MARIANA TEIXEIRA;PC-1038;8;1124.56;0.0;CONCLUIDA;BRUNO TAVARES
V-3370;2025-03-29;LOJA CENTRO;CENTRO AUTOMOTIVO ALMEIDA LTDA;PC-1011;1;970.02;0.0;CONCLUIDA;DIEGO FONTES
V-3087;2025-05-12;LOJA SUL;OFICINA SANTOS LTDA;PC-1024;1;634.77;0.0;CONCLUIDA;CARLA MENEZES
V-3284;2025-05-26;LOJA NORTE;OFICINA SOUZA LTDA;PC-1025;1;511.25;20.0;CANCELADA;ANA PRADO
V-3321;2025-06-06;LOJA NORTE;OFICINA MARTINS LTDA;PC-1028;3;108.72;0.0;CONCLUIDA;BRUNO TAVARES
V-3025;2025-01-09;LOJA CENTRO;THIAGO PEREIRA;PC-1037;2;502.33;10.0;CONCLUIDA;ANA PRADO
V-3106;2025-05-24;LOJA CENTRO;OFICINA SILVA LTDA;PC-1040;1;440.95;15.0;CONCLUIDA;ELAINE ROCHA
V-3153;2025-04-06;LOJA SUL;OFICINA ROCHA LTDA;PC-1049;4;1052.68;0.0;CONCLUIDA;ANA PRADO
V-3318;2025-06-06;LOJA NORTE;OFICINA SOUZA LTDA;PC-1012;2;92.47;5.0;CONCLUIDA;CARLA MENEZES
V-3135;2025-06-26;LOJA NORTE;CENTRO AUTOMOTIVO TEIXEIRA LTDA;PC-1004;1;309.93;0.0;CONCLUIDA;DIEGO FONTES
V-3355;2025-03-04;LOJA CENTRO;AUTO CENTER RIBEIRO LTDA;PC-1009;1;465.35;5.0;CONCLUIDA;ELAINE ROCHA
V-3335;2025-05-10;LOJA NORTE;RODRIGO ROCHA;PC-1034;3;1185.32;10.0;CONCLUIDA;BRUNO TAVARES
V-3054;2025-02-04;LOJA CENTRO;AUTO CENTER CARVALHO LTDA;PC-1051;2;149.61;5.0;CONCLUIDA;ANA PRADO
V-3129;2025-04-01;LOJA CENTRO;OFICINA ROCHA LTDA;PC-1009;1;477.99;15.0;CONCLUIDA;DIEGO FONTES
V-3273;2025-06-27;LOJA CENTRO;AUTO CENTER MARTINS LTDA;PC-1053;1;816.44;0.0;CONCLUIDA;DIEGO FONTES
V-3018;2025-02-12;LOJA NORTE;AUTO CENTER BARBOSA LTDA;PC-1041;1;817.76;0.0;CONCLUIDA;ANA PRADO
V-3285;2025-05-18;LOJA CENTRO;AUTO CENTER ALMEIDA LTDA;PC-1042;2;522.45;5.0;CANCELADA;ELAINE ROCHA
V-3280;2025-05-20;LOJA CENTRO;AUTO CENTER TEIXEIRA LTDA;PC-1004;1;327.47;10.0;CONCLUIDA;CARLA MENEZES
V-3247;2025-02-24;LOJA CENTRO;CAMILA ALMEIDA;PC-1025;6;534.09;0.0;CONCLUIDA;DIEGO FONTES
V-3112;2025-03-28;LOJA NORTE;AUTO CENTER SOUZA LTDA;PC-1054;1;904.30;0.0;CONCLUIDA;BRUNO TAVARES
V-3231;2025-04-29;LOJA SUL;OFICINA SILVA LTDA;PC-1041;1;847.18;0.0;CONCLUIDA;DIEGO FONTES
V-3002;2025-02-22;LOJA SUL;THIAGO CARVALHO;PC-1050;1;68.00;5.0;CONCLUIDA;CARLA MENEZES
V-3383;2025-04-30;LOJA SUL;ALINE RIBEIRO;PC-1016;1;863.58;5.0;CONCLUIDA;CARLA MENEZES
V-3331;2025-02-02;LOJA SUL;CENTRO AUTOMOTIVO ALMEIDA LTDA;PC-1054;2;890.78;10.0;CONCLUIDA;BRUNO TAVARES
V-3388;2025-01-20;LOJA NORTE;CENTRO AUTOMOTIVO MARTINS LTDA;PC-1034;1;1178.14;15.0;CONCLUIDA;ANA PRADO
V-3006;2025-03-18;LOJA CENTRO;FERNANDA OLIVEIRA;PC-1023;2;674.97;0.0;CONCLUIDA;ELAINE ROCHA
V-3056;2025-01-09;LOJA SUL;OFICINA ALMEIDA LTDA;PC-1046;1;259.59;0.0;CONCLUIDA;CARLA MENEZES
V-3221;2025-05-09;LOJA SUL;OFICINA SOUZA LTDA;PC-1040;2;438.21;0.0;CONCLUIDA;CARLA MENEZES
V-3015;2025-06-11;LOJA NORTE;OFICINA SANTOS LTDA;PC-1019;6;468.26;0.0;CONCLUIDA;ELAINE ROCHA
V-3258;2025-06-21;LOJA CENTRO;MECANICA BARBOSA LTDA;PC-1029;2;88.93;0.0;CONCLUIDA;ELAINE ROCHA
V-3086;2025-06-02;LOJA CENTRO;OFICINA SOUZA LTDA;PC-1030;1;218.63;5.0;CONCLUIDA;ANA PRADO
V-3382;2025-02-18;LOJA SUL;PATRICIA OLIVEIRA;PC-1023;1;680.38;5.0;CONCLUIDA;ANA PRADO
V-3328;2025-04-15;LOJA NORTE;AUTO CENTER TEIXEIRA LTDA;PC-1053;2;812.35;0.0;CONCLUIDA;CARLA MENEZES
V-3104;2025-01-18;LOJA NORTE;OFICINA ROCHA LTDA;PC-1051;2;150.48;0.0;CONCLUIDA;DIEGO FONTES
V-3301;2025-06-16;LOJA SUL;CAMILA PEREIRA;PC-1050;2;65.94;10.0;CONCLUIDA;ELAINE ROCHA
V-3048;2025-05-26;LOJA SUL;OFICINA RIBEIRO LTDA;PC-1047;8;631.58;15.0;CONCLUIDA;ANA PRADO
V-3026;2025-03-23;LOJA SUL;THIAGO CARVALHO;PC-1051;2;151.91;0.0;CONCLUIDA;BRUNO TAVARES
V-3084;2025-05-04;LOJA SUL;CENTRO AUTOMOTIVO ALMEIDA LTDA;PC-1005;4;503.45;5.0;CONCLUIDA;ELAINE ROCHA
V-3147;2025-01-27;LOJA NORTE;EDUARDO CARVALHO;PC-1003;1;1125.24;0.0;CONCLUIDA;BRUNO TAVARES
V-3204;2025-05-22;LOJA SUL;OFICINA ALMEIDA LTDA;PC-1042;2;547.28;0.0;CONCLUIDA;CARLA MENEZES
V-3160;2025-06-27;LOJA CENTRO;OFICINA RIBEIRO LTDA;PC-1013;4;803.01;10.0;CONCLUIDA;BRUNO TAVARES
V-3308;2025-06-02;LOJA CENTRO;ALINE RIBEIRO;PC-1008;6;711.64;0.0;CONCLUIDA;BRUNO TAVARES
V-3271;2025-06-03;LOJA SUL;CENTRO AUTOMOTIVO DIAS LTDA;PC-1023;1;681.24;5.0;CONCLUIDA;BRUNO TAVARES
V-3318;2025-06-06;LOJA NORTE;OFICINA SOUZA LTDA;PC-1011;1;917.42;0.0;CONCLUIDA;CARLA MENEZES
V-3283;2025-03-21;LOJA SUL;OFICINA MARTINS LTDA;PC-1028;1;111.82;0.0;CONCLUIDA;BRUNO TAVARES
V-3295;2025-03-28;LOJA CENTRO;ALINE TEIXEIRA;PC-1028;3;108.59;20.0;CONCLUIDA;CARLA MENEZES
V-3176;2025-06-03;LOJA CENTRO;AUTO CENTER MARTINS LTDA;PC-1049;1;1057.77;10.0;CONCLUIDA;DIEGO FONTES
V-3145;2025-03-12;LOJA NORTE;AUTO CENTER BARBOSA LTDA;PC-1012;3;93.62;10.0;CONCLUIDA;BRUNO TAVARES
V-3112;2025-03-28;LOJA NORTE;AUTO CENTER SOUZA LTDA;PC-1026;4;78.57;0.0;CONCLUIDA;BRUNO TAVARES
V-3138;2025-01-01;LOJA SUL;EDUARDO CARVALHO;PC-1049;1;1031.68;0.0;CONCLUIDA;ANA PRADO
V-3019;2025-06-09;LOJA NORTE;AUTO CENTER PEREIRA LTDA;PC-1012;-1;96.95;0.0;DEVOLVIDA;CARLA MENEZES
V-3273;2025-06-27;LOJA CENTRO;AUTO CENTER MARTINS LTDA;PC-1005;2;498.82;0.0;CONCLUIDA;DIEGO FONTES
V-3333;2025-04-25;LOJA CENTRO;RAFAEL SOUZA;PC-1010;2;1089.14;0.0;CONCLUIDA;CARLA MENEZES
V-3276;2025-02-04;LOJA NORTE;LARISSA OLIVEIRA;PC-1045;6;406.48;0.0;CONCLUIDA;DIEGO FONTES
V-3020;2025-02-08;LOJA NORTE;OFICINA ALMEIDA LTDA;PC-1049;3;1053.95;0.0;CONCLUIDA;DIEGO FONTES
V-3134;2025-05-03;LOJA CENTRO;MECANICA MARTINS LTDA;PC-1043;6;556.90;10.0;CONCLUIDA;ELAINE ROCHA
V-3076;2025-05-26;LOJA CENTRO;JULIANA MARTINS;PC-1032;3;139.37;0.0;CONCLUIDA;BRUNO TAVARES
V-3180;2025-06-26;LOJA CENTRO;MECANICA SOUZA LTDA;PC-1033;6;51.51;0.0;CONCLUIDA;BRUNO TAVARES
V-3223;2025-03-27;LOJA NORTE;EDUARDO TEIXEIRA;PC-1017;6;690.68;0.0;CONCLUIDA;BRUNO TAVARES
V-3097;2025-02-02;LOJA NORTE;CENTRO AUTOMOTIVO MARTINS LTDA;PC-1045;4;415.96;0.0;CONCLUIDA;BRUNO TAVARES
V-3398;2025-05-10;LOJA NORTE;OFICINA PEREIRA LTDA;PC-1048;2;423.23;5.0;CONCLUIDA;ANA PRADO
V-3024;2025-01-04;LOJA SUL;MECANICA PEREIRA LTDA;PC-1057;1;150.46;0.0;CANCELADA;CARLA MENEZES
V-3335;2025-05-10;LOJA NORTE;RODRIGO ROCHA;PC-1015;1;521.39;5.0;CONCLUIDA;BRUNO TAVARES
V-3169;2025-01-28;LOJA NORTE;OFICINA SANTOS LTDA;PC-1030;1;230.22;10.0;CONCLUIDA;CARLA MENEZES
V-3121;2025-03-21;LOJA CENTRO;EDUARDO CARVALHO;PC-1040;1;438.37;5.0;CANCELADA;ELAINE ROCHA
V-3227;2025-06-27;LOJA NORTE;CENTRO AUTOMOTIVO LIMA LTDA;PC-1005;1;506.70;10.0;CONCLUIDA;ANA PRADO
V-3081;2025-03-29;LOJA SUL;LARISSA OLIVEIRA;PC-1052;1;823.55;0.0;CONCLUIDA;DIEGO FONTES
V-3008;2025-01-21;LOJA CENTRO;EDUARDO SANTOS;PC-1011;1;931.75;10.0;CONCLUIDA;BRUNO TAVARES
V-3329;2025-01-21;LOJA NORTE;AUTO CENTER SILVA LTDA;PC-1030;3;218.48;5.0;CONCLUIDA;ELAINE ROCHA
V-3148;2025-02-13;LOJA CENTRO;AUTO CENTER TEIXEIRA LTDA;PC-1025;1;506.40;5.0;CONCLUIDA;ANA PRADO
V-3003;2025-01-26;LOJA CENTRO;JULIANA MARTINS;PC-1043;3;557.25;5.0;CONCLUIDA;ELAINE ROCHA
V-3249;2025-05-04;LOJA CENTRO;ALINE RIBEIRO;PC-1029;4;85.99;5.0;CONCLUIDA;CARLA MENEZES
V-3127;2025-01-04;LOJA CENTRO;AUTO CENTER ALMEIDA LTDA;PC-1056;1;549.53;5.0;CONCLUIDA;ANA PRADO
V-3388;2025-01-20;LOJA NORTE;CENTRO AUTOMOTIVO MARTINS LTDA;PC-1027;2;1074.65;0.0;CONCLUIDA;ANA PRADO
V-3291;2025-05-23;LOJA CENTRO;MECANICA SANTOS LTDA;PC-1037;1;505.72;20.0;CONCLUIDA;CARLA MENEZES
V-3264;2025-04-17;LOJA CENTRO;AUTO CENTER CARVALHO LTDA;PC-1051;2;149.88;0.0;CONCLUIDA;ANA PRADO
V-3030;2025-01-26;LOJA SUL;CAMILA PEREIRA;PC-1051;2;150.44;0.0;CONCLUIDA;ELAINE ROCHA
V-3208;2025-02-21;LOJA SUL;CENTRO AUTOMOTIVO DIAS LTDA;PC-1033;6;50.07;0.0;CONCLUIDA;ELAINE ROCHA
V-3189;2025-02-27;LOJA SUL;THIAGO TEIXEIRA;PC-1009;1;469.43;5.0;CONCLUIDA;CARLA MENEZES
V-3100;2025-03-31;LOJA NORTE;CENTRO AUTOMOTIVO PEREIRA LTDA;PC-1027;1;1066.70;20.0;CONCLUIDA;ELAINE ROCHA
V-3268;2025-02-27;LOJA NORTE;AUTO CENTER SANTOS LTDA;PC-1013;2;810.53;0.0;CONCLUIDA;DIEGO FONTES
V-3212;2025-05-27;LOJA NORTE;OFICINA RIBEIRO LTDA;PC-1023;1;720.86;0.0;CONCLUIDA;CARLA MENEZES
V-3209;2025-03-06;LOJA SUL;CENTRO AUTOMOTIVO TEIXEIRA LTDA;PC-1051;-1;151.85;0.0;DEVOLVIDA;CARLA MENEZES
V-3331;2025-02-02;LOJA SUL;CENTRO AUTOMOTIVO ALMEIDA LTDA;PC-1007;3;379.74;5.0;CONCLUIDA;BRUNO TAVARES
V-3139;2025-04-17;LOJA SUL;OFICINA RIBEIRO LTDA;PC-1054;6;909.25;5.0;CONCLUIDA;ANA PRADO
V-3068;2025-04-16;LOJA SUL;OFICINA ALMEIDA LTDA;PC-1053;4;811.86;0.0;CONCLUIDA;ELAINE ROCHA
V-3336;2025-01-25;LOJA SUL;AUTO CENTER TEIXEIRA LTDA;PC-1004;6;327.04;5.0;CONCLUIDA;ELAINE ROCHA
V-3164;2025-04-14;LOJA NORTE;BEATRIZ DIAS;PC-1046;2;261.25;0.0;CONCLUIDA;ELAINE ROCHA
V-3309;2025-02-17;LOJA SUL;JULIANA SANTOS;PC-1039;1;1080.58;0.0;CONCLUIDA;DIEGO FONTES
V-3051;2025-01-13;LOJA SUL;OFICINA ROCHA LTDA;PC-1051;4;151.80;0.0;CONCLUIDA;CARLA MENEZES
V-3052;2025-05-03;LOJA CENTRO;FERNANDA PEREIRA;PC-1030;-2;218.76;15.0;DEVOLVIDA;ANA PRADO
V-3114;2025-05-10;LOJA SUL;MARIANA TEIXEIRA;PC-1049;2;1005.53;15.0;CONCLUIDA;BRUNO TAVARES
V-3173;2025-05-11;LOJA NORTE;CAMILA CARVALHO;PC-1029;1;86.72;0.0;CONCLUIDA;BRUNO TAVARES
V-3107;2025-04-22;LOJA CENTRO;AUTO CENTER CARVALHO LTDA;PC-1028;4;112.98;0.0;CONCLUIDA;BRUNO TAVARES
V-3057;2025-01-30;LOJA NORTE;MECANICA CARVALHO LTDA;PC-1033;2;51.81;0.0;CONCLUIDA;BRUNO TAVARES
V-3022;2025-05-04;LOJA NORTE;MECANICA OLIVEIRA LTDA;PC-1030;6;220.95;20.0;CONCLUIDA;ANA PRADO
V-3075;2025-03-09;LOJA NORTE;EDUARDO SANTOS;PC-1033;2;51.95;0.0;CONCLUIDA;DIEGO FONTES
V-3323;2025-01-27;LOJA SUL;THIAGO ROCHA;PC-1010;-3;1089.37;0.0;DEVOLVIDA;DIEGO FONTES
V-3396;2025-05-27;LOJA CENTRO;AUTO CENTER PEREIRA LTDA;PC-1051;2;155.68;5.0;CONCLUIDA;CARLA MENEZES
V-3348;2025-05-28;LOJA NORTE;CENTRO AUTOMOTIVO ROCHA LTDA;PC-1012;-1;97.40;10.0;DEVOLVIDA;ANA PRADO
V-3343;2025-03-16;LOJA NORTE;OFICINA ALMEIDA LTDA;PC-1010;1;1046.38;0.0;CONCLUIDA;BRUNO TAVARES
V-3399;2025-06-23;LOJA CENTRO;THIAGO PEREIRA;PC-1025;2;540.05;10.0;CONCLUIDA;CARLA MENEZES
V-3015;2025-06-11;LOJA NORTE;OFICINA SANTOS LTDA;PC-1006;1;685.78;0.0;CONCLUIDA;ELAINE ROCHA
V-3105;2025-06-24;LOJA SUL;OFICINA ALMEIDA LTDA;PC-1052;1;817.85;5.0;CONCLUIDA;ELAINE ROCHA
V-3317;2025-01-20;LOJA NORTE;CENTRO AUTOMOTIVO PEREIRA LTDA;PC-1021;3;1003.79;10.0;CONCLUIDA;ELAINE ROCHA
V-3033;2025-01-17;LOJA NORTE;CENTRO AUTOMOTIVO ALMEIDA LTDA;PC-1009;2;486.96;0.0;CONCLUIDA;ANA PRADO
V-3200;2025-01-13;LOJA CENTRO;AUTO CENTER CARVALHO LTDA;PC-1032;1;135.06;20.0;CONCLUIDA;DIEGO FONTES
V-3329;2025-01-21;LOJA NORTE;AUTO CENTER SILVA LTDA;PC-1011;1;928.21;0.0;CONCLUIDA;ELAINE ROCHA
V-3078;2025-04-30;LOJA CENTRO;AUTO CENTER SILVA LTDA;PC-1019;4;474.03;0.0;CANCELADA;ELAINE ROCHA
V-3117;2025-04-13;LOJA CENTRO;OFICINA SILVA LTDA;PC-1038;1;1082.19;5.0;CANCELADA;ANA PRADO
V-3377;2025-03-18;LOJA NORTE;THIAGO CARVALHO;PC-1057;1;156.19;15.0;CONCLUIDA;ELAINE ROCHA
V-3291;2025-05-23;LOJA CENTRO;MECANICA SANTOS LTDA;PC-1046;2;265.22;0.0;CONCLUIDA;CARLA MENEZES
V-3287;2025-03-24;LOJA CENTRO;ALINE PEREIRA;PC-1005;1;509.47;5.0;CONCLUIDA;BRUNO TAVARES
V-3144;2025-04-01;LOJA SUL;MARIANA TEIXEIRA;PC-1024;1;624.09;0.0;CONCLUIDA;DIEGO FONTES
V-3186;2025-01-27;LOJA CENTRO;ALINE RIBEIRO;PC-1032;1;138.69;10.0;CANCELADA;CARLA MENEZES
V-3003;2025-01-26;LOJA CENTRO;JULIANA MARTINS;PC-1019;2;452.55;15.0;CONCLUIDA;ELAINE ROCHA
V-3111;2025-01-07;LOJA NORTE;CENTRO AUTOMOTIVO SOUZA LTDA;PC-1023;1;712.76;0.0;CONCLUIDA;BRUNO TAVARES
V-3274;2025-06-06;LOJA SUL;OFICINA SOUZA LTDA;PC-1027;6;1049.00;10.0;CONCLUIDA;ANA PRADO
V-3396;2025-05-27;LOJA CENTRO;AUTO CENTER PEREIRA LTDA;PC-1052;3;822.71;5.0;CONCLUIDA;CARLA MENEZES
V-3163;2025-05-15;LOJA NORTE;OFICINA CARVALHO LTDA;PC-1049;1;1015.25;15.0;CONCLUIDA;CARLA MENEZES
V-3268;2025-02-27;LOJA NORTE;AUTO CENTER SANTOS LTDA;PC-1046;1;265.50;0.0;CONCLUIDA;DIEGO FONTES
V-3082;2025-06-07;LOJA CENTRO;OFICINA PEREIRA LTDA;PC-1032;-1;135.02;0.0;DEVOLVIDA;DIEGO FONTES
V-3077;2025-05-16;LOJA CENTRO;AUTO CENTER ALMEIDA LTDA;PC-1030;6;221.79;0.0;CONCLUIDA;BRUNO TAVARES
V-3374;2025-03-10;LOJA SUL;OFICINA SOUZA LTDA;PC-1055;3;339.81;0.0;CONCLUIDA;DIEGO FONTES
V-3116;2025-05-12;LOJA CENTRO;OFICINA SANTOS LTDA;PC-1052;-1;839.95;10.0;DEVOLVIDA;ANA PRADO
V-3035;2025-01-07;LOJA SUL;OFICINA ALMEIDA LTDA;PC-1018;1;260.58;0.0;CONCLUIDA;CARLA MENEZES
V-3387;2025-05-23;LOJA CENTRO;AUTO CENTER ALMEIDA LTDA;PC-1015;6;502.31;0.0;CONCLUIDA;CARLA MENEZES
V-3284;2025-05-26;LOJA NORTE;OFICINA SOUZA LTDA;PC-1003;2;1076.45;0.0;CANCELADA;ANA PRADO
V-3139;2025-04-17;LOJA SUL;OFICINA RIBEIRO LTDA;PC-1041;2;859.63;0.0;CONCLUIDA;ANA PRADO
V-3062;2025-03-10;LOJA CENTRO;OFICINA SILVA LTDA;PC-1056;1;572.48;15.0;CANCELADA;CARLA MENEZES
V-3197;2025-02-05;LOJA CENTRO;OFICINA ALMEIDA LTDA;PC-1030;3;223.21;10.0;CONCLUIDA;ELAINE ROCHA
V-3028;2025-03-03;LOJA CENTRO;AUTO CENTER SOUZA LTDA;PC-1019;1;466.61;10.0;CONCLUIDA;ELAINE ROCHA
V-3082;2025-06-07;LOJA CENTRO;OFICINA PEREIRA LTDA;PC-1021;-1;1023.19;0.0;DEVOLVIDA;DIEGO FONTES
V-3252;2025-04-14;LOJA CENTRO;CENTRO AUTOMOTIVO LIMA LTDA;PC-1045;1;407.60;5.0;CANCELADA;ELAINE ROCHA
V-3258;2025-06-21;LOJA CENTRO;MECANICA BARBOSA LTDA;PC-1049;2;1022.81;0.0;CONCLUIDA;ELAINE ROCHA
V-3188;2025-04-14;LOJA CENTRO;OFICINA SOUZA LTDA;PC-1029;-2;87.50;0.0;DEVOLVIDA;DIEGO FONTES
V-3070;2025-03-19;LOJA CENTRO;AUTO CENTER RIBEIRO LTDA;PC-1011;3;955.18;10.0;CONCLUIDA;ANA PRADO
V-3366;2025-03-31;LOJA CENTRO;CENTRO AUTOMOTIVO DIAS LTDA;PC-1035;-4;1082.44;0.0;DEVOLVIDA;ELAINE ROCHA
V-3128;2025-06-25;LOJA SUL;CAMILA ALMEIDA;PC-1046;1;260.88;0.0;CONCLUIDA;BRUNO TAVARES
V-3035;2025-01-07;LOJA SUL;OFICINA ALMEIDA LTDA;PC-1010;3;1106.21;0.0;CONCLUIDA;CARLA MENEZES
V-3262;2025-04-08;LOJA NORTE;OFICINA SANTOS LTDA;PC-1038;2;1130.84;20.0;CONCLUIDA;ANA PRADO
V-3201;2025-01-08;LOJA SUL;THIAGO TEIXEIRA;PC-1035;1;1027.15;5.0;CONCLUIDA;BRUNO TAVARES
V-3397;2025-01-13;LOJA NORTE;OFICINA ROCHA LTDA;PC-1038;2;1103.31;20.0;CONCLUIDA;CARLA MENEZES
V-3302;2025-02-22;LOJA SUL;RODRIGO ALMEIDA;PC-1026;1;78.49;0.0;CONCLUIDA;BRUNO TAVARES
V-3060;2025-06-11;LOJA NORTE;MECANICA BARBOSA LTDA;PC-1050;3;66.00;0.0;CONCLUIDA;DIEGO FONTES
V-3197;2025-02-05;LOJA CENTRO;OFICINA ALMEIDA LTDA;PC-1004;4;323.37;0.0;CONCLUIDA;ELAINE ROCHA
V-3155;2025-06-02;LOJA NORTE;CAMILA PEREIRA;PC-1046;2;257.41;10.0;CONCLUIDA;DIEGO FONTES
V-3180;2025-06-26;LOJA CENTRO;MECANICA SOUZA LTDA;PC-1047;1;662.29;0.0;CONCLUIDA;BRUNO TAVARES
V-3133;2025-04-13;LOJA SUL;AUTO CENTER MARTINS LTDA;PC-1018;1;251.52;0.0;CONCLUIDA;BRUNO TAVARES
V-3310;2025-02-13;LOJA SUL;MECANICA MARTINS LTDA;PC-1023;2;706.38;0.0;CONCLUIDA;BRUNO TAVARES
V-3004;2025-03-05;LOJA SUL;CAMILA OLIVEIRA;PC-1010;-1;1109.09;5.0;DEVOLVIDA;BRUNO TAVARES
V-3277;2025-01-07;LOJA SUL;AUTO CENTER CARVALHO LTDA;PC-1024;1;621.35;5.0;CONCLUIDA;BRUNO TAVARES
V-3015;2025-06-11;LOJA NORTE;OFICINA SANTOS LTDA;PC-1028;1;113.82;0.0;CONCLUIDA;ELAINE ROCHA
V-3231;2025-04-29;LOJA SUL;OFICINA SILVA LTDA;PC-1043;2;554.07;10.0;CONCLUIDA;DIEGO FONTES
V-3003;2025-01-26;LOJA CENTRO;JULIANA MARTINS;PC-1021;1;1022.35;5.0;CONCLUIDA;ELAINE ROCHA
V-3157;2025-03-30;LOJA SUL;LARISSA OLIVEIRA;PC-1016;3;827.55;5.0;CONCLUIDA;CARLA MENEZES
V-3187;2025-05-30;LOJA NORTE;THIAGO TEIXEIRA;PC-1037;1;482.09;0.0;CONCLUIDA;ANA PRADO
V-3110;2025-04-11;LOJA NORTE;MECANICA MARTINS LTDA;PC-1057;2;157.92;0.0;CONCLUIDA;ANA PRADO
V-3316;2025-06-17;LOJA NORTE;OFICINA SILVA LTDA;PC-1014;3;336.68;5.0;CONCLUIDA;BRUNO TAVARES
V-3168;2025-04-30;LOJA CENTRO;AUTO CENTER TEIXEIRA LTDA;PC-1025;2;540.26;0.0;CANCELADA;ELAINE ROCHA
V-3241;2025-02-04;LOJA SUL;OFICINA SANTOS LTDA;PC-1041;1;844.47;0.0;CONCLUIDA;BRUNO TAVARES
V-3001;2025-06-04;LOJA NORTE;LARISSA OLIVEIRA;PC-1008;1;717.24;0.0;CONCLUIDA;ANA PRADO
V-3212;2025-05-27;LOJA NORTE;OFICINA RIBEIRO LTDA;PC-1008;1;705.90;20.0;CONCLUIDA;CARLA MENEZES
V-3096;2025-01-19;LOJA CENTRO;OFICINA RIBEIRO LTDA;PC-1011;-4;973.76;0.0;DEVOLVIDA;BRUNO TAVARES
V-3385;2025-05-26;LOJA NORTE;LARISSA OLIVEIRA;PC-1039;1;1078.37;0.0;CONCLUIDA;DIEGO FONTES
V-3253;2025-04-16;LOJA NORTE;AUTO CENTER CARVALHO LTDA;PC-1049;2;1005.41;5.0;CONCLUIDA;ELAINE ROCHA
V-3025;2025-01-09;LOJA CENTRO;THIAGO PEREIRA;PC-1048;2;447.84;0.0;CONCLUIDA;ANA PRADO
V-3269;2025-05-01;LOJA SUL;CENTRO AUTOMOTIVO DIAS LTDA;PC-1015;2;527.78;5.0;CANCELADA;ANA PRADO
V-3267;2025-03-29;LOJA CENTRO;OFICINA ALMEIDA LTDA;PC-1047;8;656.56;0.0;CONCLUIDA;ELAINE ROCHA
V-3062;2025-03-10;LOJA CENTRO;OFICINA SILVA LTDA;PC-1015;3;498.04;5.0;CANCELADA;CARLA MENEZES
V-3037;2025-01-18;LOJA NORTE;CENTRO AUTOMOTIVO ROCHA LTDA;PC-1040;6;428.33;0.0;CONCLUIDA;ANA PRADO
V-3170;2025-01-28;LOJA CENTRO;ALINE TEIXEIRA;PC-1009;3;464.45;0.0;CANCELADA;CARLA MENEZES
V-3119;2025-03-06;LOJA SUL;THIAGO ROCHA;PC-1008;1;698.71;15.0;CONCLUIDA;ELAINE ROCHA
V-3328;2025-04-15;LOJA NORTE;AUTO CENTER TEIXEIRA LTDA;PC-1055;6;352.06;0.0;CONCLUIDA;CARLA MENEZES
V-3313;2025-03-21;LOJA SUL;OFICINA SOUZA LTDA;PC-1005;2;514.10;0.0;CONCLUIDA;ELAINE ROCHA
V-3005;2025-02-27;LOJA CENTRO;CAMILA CARVALHO;PC-1007;4;359.05;5.0;CONCLUIDA;CARLA MENEZES
V-3398;2025-05-10;LOJA NORTE;OFICINA PEREIRA LTDA;PC-1057;1;152.80;0.0;CONCLUIDA;ANA PRADO
V-3023;2025-05-26;LOJA CENTRO;OFICINA SOUZA LTDA;PC-1048;2;430.29;0.0;CONCLUIDA;CARLA MENEZES
V-3134;2025-05-03;LOJA CENTRO;MECANICA MARTINS LTDA;PC-1056;2;551.62;10.0;CONCLUIDA;ELAINE ROCHA
V-3193;2025-02-02;LOJA SUL;OFICINA ALMEIDA LTDA;PC-1043;4;560.49;15.0;CANCELADA;CARLA MENEZES
V-3313;2025-03-21;LOJA SUL;OFICINA SOUZA LTDA;PC-1021;2;1021.70;10.0;CONCLUIDA;ELAINE ROCHA
V-3041;2025-01-10;LOJA SUL;FERNANDA PEREIRA;PC-1016;2;837.13;15.0;CONCLUIDA;CARLA MENEZES
V-3279;2025-03-31;LOJA CENTRO;EDUARDO SANTOS;PC-1012;2;96.59;0.0;CANCELADA;BRUNO TAVARES
V-3155;2025-06-02;LOJA NORTE;CAMILA PEREIRA;PC-1057;6;158.43;10.0;CONCLUIDA;DIEGO FONTES
V-3379;2025-03-05;LOJA CENTRO;THIAGO CARVALHO;PC-1057;1;153.40;0.0;CONCLUIDA;BRUNO TAVARES
V-3241;2025-02-04;LOJA SUL;OFICINA SANTOS LTDA;PC-1013;1;811.38;0.0;CONCLUIDA;BRUNO TAVARES
V-3312;2025-03-22;LOJA CENTRO;THIAGO ROCHA;PC-1026;1;77.92;5.0;CONCLUIDA;ANA PRADO
V-3061;2025-01-06;LOJA NORTE;MECANICA SANTOS LTDA;PC-1038;6;1095.32;0.0;CONCLUIDA;ANA PRADO
V-3049;2025-05-28;LOJA CENTRO;AUTO CENTER BARBOSA LTDA;PC-1006;-4;701.58;5.0;DEVOLVIDA;CARLA MENEZES
V-3027;2025-01-10;LOJA SUL;RODRIGO ROCHA;PC-1039;2;1062.33;5.0;CANCELADA;CARLA MENEZES
V-3013;2025-06-15;LOJA NORTE;MARIANA TEIXEIRA;PC-1048;1;447.12;10.0;CONCLUIDA;BRUNO TAVARES
V-3057;2025-01-30;LOJA NORTE;MECANICA CARVALHO LTDA;PC-1054;1;897.20;0.0;CONCLUIDA;BRUNO TAVARES
V-3309;2025-02-17;LOJA SUL;JULIANA SANTOS;PC-1035;3;1068.56;15.0;CONCLUIDA;DIEGO FONTES
V-3072;2025-02-21;LOJA SUL;RODRIGO ALMEIDA;PC-1033;3;50.05;0.0;CONCLUIDA;ANA PRADO
V-3196;2025-04-08;LOJA NORTE;AUTO CENTER RIBEIRO LTDA;PC-1053;1;825.56;0.0;CONCLUIDA;BRUNO TAVARES
V-3042;2025-03-10;LOJA CENTRO;OFICINA RIBEIRO LTDA;PC-1025;2;525.69;10.0;CANCELADA;DIEGO FONTES
V-3033;2025-01-17;LOJA NORTE;CENTRO AUTOMOTIVO ALMEIDA LTDA;PC-1017;2;689.44;5.0;CONCLUIDA;ANA PRADO
V-3029;2025-06-27;LOJA CENTRO;OFICINA PEREIRA LTDA;PC-1055;1;335.08;5.0;CONCLUIDA;CARLA MENEZES
V-3387;2025-05-23;LOJA CENTRO;AUTO CENTER ALMEIDA LTDA;PC-1047;3;663.97;5.0;CONCLUIDA;CARLA MENEZES
V-3341;2025-04-15;LOJA NORTE;OFICINA RIBEIRO LTDA;PC-1027;6;1037.88;0.0;CONCLUIDA;ELAINE ROCHA
V-3024;2025-01-04;LOJA SUL;MECANICA PEREIRA LTDA;PC-1028;2;112.29;15.0;CANCELADA;CARLA MENEZES
V-3346;2025-02-21;LOJA SUL;AUTO CENTER CARVALHO LTDA;PC-1051;1;157.19;0.0;CONCLUIDA;ELAINE ROCHA
V-3087;2025-05-12;LOJA SUL;OFICINA SANTOS LTDA;PC-1011;1;935.37;10.0;CONCLUIDA;CARLA MENEZES
V-3364;2025-04-19;LOJA CENTRO;THIAGO TEIXEIRA;PC-1027;1;1013.89;15.0;CONCLUIDA;ELAINE ROCHA
V-3353;2025-04-25;LOJA SUL;MECANICA BARBOSA LTDA;PC-1013;4;802.07;15.0;CONCLUIDA;CARLA MENEZES
V-3093;2025-06-10;LOJA SUL;THIAGO CARVALHO;PC-1030;1;218.90;5.0;CONCLUIDA;ANA PRADO
V-3367;2025-04-10;LOJA SUL;CENTRO AUTOMOTIVO DIAS LTDA;PC-1033;1;51.45;5.0;CONCLUIDA;DIEGO FONTES
V-3197;2025-02-05;LOJA CENTRO;OFICINA ALMEIDA LTDA;PC-1043;1;560.33;0.0;CONCLUIDA;ELAINE ROCHA
V-3034;2025-06-01;LOJA SUL;PATRICIA OLIVEIRA;PC-1052;4;811.99;10.0;CONCLUIDA;ANA PRADO
V-3200;2025-01-13;LOJA CENTRO;AUTO CENTER CARVALHO LTDA;PC-1047;4;656.91;10.0;CONCLUIDA;DIEGO FONTES
V-3356;2025-03-22;LOJA CENTRO;MECANICA MARTINS LTDA;PC-1054;6;859.13;0.0;CONCLUIDA;CARLA MENEZES
V-3089;2025-06-06;LOJA CENTRO;JULIANA MARTINS;PC-1018;1;260.14;0.0;CONCLUIDA;ANA PRADO
V-3161;2025-05-16;LOJA CENTRO;OFICINA MARTINS LTDA;PC-1049;2;1057.08;0.0;CONCLUIDA;CARLA MENEZES
V-3242;2025-02-01;LOJA CENTRO;THIAGO TEIXEIRA;PC-1015;3;500.07;10.0;CONCLUIDA;ELAINE ROCHA
V-3255;2025-04-28;LOJA CENTRO;GUSTAVO SILVA;PC-1037;-1;488.05;10.0;DEVOLVIDA;ELAINE ROCHA
V-3281;2025-05-10;LOJA CENTRO;OFICINA MARTINS LTDA;PC-1007;4;374.38;10.0;CONCLUIDA;ANA PRADO
V-3342;2025-04-19;LOJA CENTRO;EDUARDO DIAS;PC-1021;8;1026.07;5.0;CONCLUIDA;DIEGO FONTES
V-3146;2025-02-26;LOJA CENTRO;THIAGO ROCHA;PC-1035;1;1046.56;0.0;CONCLUIDA;ELAINE ROCHA
V-3054;2025-02-04;LOJA CENTRO;AUTO CENTER CARVALHO LTDA;PC-1017;1;658.18;0.0;CONCLUIDA;ANA PRADO
V-3123;2025-05-17;LOJA NORTE;EDUARDO TEIXEIRA;PC-1050;2;67.43;5.0;CANCELADA;BRUNO TAVARES
V-3043;2025-06-07;LOJA NORTE;EDUARDO CARVALHO;PC-1038;8;1112.92;10.0;CANCELADA;BRUNO TAVARES
V-3100;2025-03-31;LOJA NORTE;CENTRO AUTOMOTIVO PEREIRA LTDA;PC-1048;3;448.67;10.0;CONCLUIDA;ELAINE ROCHA
V-3357;2025-06-06;LOJA NORTE;OFICINA MARTINS LTDA;PC-1005;1;511.65;0.0;CANCELADA;ELAINE ROCHA
V-3020;2025-02-08;LOJA NORTE;OFICINA ALMEIDA LTDA;PC-1056;8;569.13;0.0;CONCLUIDA;DIEGO FONTES
V-3392;2025-05-10;LOJA SUL;ALINE RIBEIRO;PC-1047;1;631.62;20.0;CONCLUIDA;DIEGO FONTES
V-3246;2025-04-01;LOJA SUL;MARIANA TEIXEIRA;PC-1035;6;1040.40;0.0;CONCLUIDA;CARLA MENEZES
V-3294;2025-04-25;LOJA SUL;CENTRO AUTOMOTIVO DIAS LTDA;PC-1034;1;1156.61;5.0;CONCLUIDA;ANA PRADO
V-3232;2025-01-03;LOJA NORTE;CENTRO AUTOMOTIVO MARTINS LTDA;PC-1039;4;1038.99;20.0;CONCLUIDA;ANA PRADO
V-3279;2025-03-31;LOJA CENTRO;EDUARDO SANTOS;PC-1014;8;330.45;20.0;CANCELADA;BRUNO TAVARES
V-3160;2025-06-27;LOJA CENTRO;OFICINA RIBEIRO LTDA;PC-1010;4;1053.49;10.0;CONCLUIDA;BRUNO TAVARES
V-3154;2025-01-03;LOJA NORTE;CENTRO AUTOMOTIVO ALMEIDA LTDA;PC-1029;3;88.63;0.0;CONCLUIDA;ANA PRADO
V-3133;2025-04-13;LOJA SUL;AUTO CENTER MARTINS LTDA;PC-1025;1;532.10;0.0;CONCLUIDA;BRUNO TAVARES
V-3241;2025-02-04;LOJA SUL;OFICINA SANTOS LTDA;PC-1016;2;830.26;0.0;CONCLUIDA;BRUNO TAVARES
V-3200;2025-01-13;LOJA CENTRO;AUTO CENTER CARVALHO LTDA;PC-1028;1;113.51;15.0;CONCLUIDA;DIEGO FONTES
V-3264;2025-04-17;LOJA CENTRO;AUTO CENTER CARVALHO LTDA;PC-1008;2;703.22;15.0;CONCLUIDA;ANA PRADO
V-3177;2025-02-12;LOJA SUL;ALINE RIBEIRO;PC-1032;2;140.74;10.0;CONCLUIDA;CARLA MENEZES
V-3182;2025-02-21;LOJA NORTE;OFICINA ALMEIDA LTDA;PC-1032;2;140.69;0.0;CONCLUIDA;BRUNO TAVARES
V-3077;2025-05-16;LOJA CENTRO;AUTO CENTER ALMEIDA LTDA;PC-1026;3;77.86;5.0;CONCLUIDA;BRUNO TAVARES
V-3131;2025-04-20;LOJA CENTRO;MECANICA CARVALHO LTDA;PC-1023;2;717.23;0.0;CONCLUIDA;ANA PRADO
V-3181;2025-06-30;LOJA CENTRO;AUTO CENTER SILVA LTDA;PC-1034;4;1166.70;5.0;CONCLUIDA;ANA PRADO
V-3086;2025-06-02;LOJA CENTRO;OFICINA SOUZA LTDA;PC-1057;2;156.61;0.0;CONCLUIDA;ANA PRADO
V-3148;2025-02-13;LOJA CENTRO;AUTO CENTER TEIXEIRA LTDA;PC-1023;2;693.41;0.0;CONCLUIDA;ANA PRADO
V-3212;2025-05-27;LOJA NORTE;OFICINA RIBEIRO LTDA;PC-1012;2;93.09;0.0;CONCLUIDA;CARLA MENEZES
V-3163;2025-05-15;LOJA NORTE;OFICINA CARVALHO LTDA;PC-1041;1;814.88;0.0;CONCLUIDA;CARLA MENEZES
V-3167;2025-04-13;LOJA SUL;OFICINA LIMA LTDA;PC-1027;3;1023.57;0.0;CONCLUIDA;ANA PRADO
V-3216;2025-06-07;LOJA NORTE;AUTO CENTER SOUZA LTDA;PC-1024;3;614.49;0.0;CONCLUIDA;ELAINE ROCHA
V-3325;2025-01-22;LOJA CENTRO;MECANICA OLIVEIRA LTDA;PC-1035;1;1069.59;15.0;CONCLUIDA;ANA PRADO
V-3052;2025-05-03;LOJA CENTRO;FERNANDA PEREIRA;PC-1007;-4;368.41;0.0;DEVOLVIDA;ANA PRADO
V-3245;2025-01-31;LOJA NORTE;EDUARDO TEIXEIRA;PC-1007;2;362.62;0.0;CONCLUIDA;ANA PRADO
V-3159;2025-03-13;LOJA SUL;EDUARDO CARVALHO;PC-1052;2;804.84;0.0;CONCLUIDA;ELAINE ROCHA
V-3205;2025-03-08;LOJA CENTRO;AUTO CENTER CARVALHO LTDA;PC-1017;1;653.04;0.0;CONCLUIDA;CARLA MENEZES
V-3146;2025-02-26;LOJA CENTRO;THIAGO ROCHA;PC-1028;8;111.71;5.0;CONCLUIDA;ELAINE ROCHA
V-3081;2025-03-29;LOJA SUL;LARISSA OLIVEIRA;PC-1051;1;154.31;0.0;CONCLUIDA;DIEGO FONTES
V-3207;2025-04-20;LOJA NORTE;CENTRO AUTOMOTIVO ALMEIDA LTDA;PC-1041;4;818.91;0.0;CONCLUIDA;ANA PRADO
V-3092;2025-01-03;LOJA CENTRO;OFICINA MARTINS LTDA;PC-1016;6;819.32;0.0;CONCLUIDA;ELAINE ROCHA
V-3126;2025-04-03;LOJA SUL;CAMILA OLIVEIRA;PC-1014;2;342.61;0.0;CANCELADA;ELAINE ROCHA
V-3324;2025-06-13;LOJA CENTRO;OFICINA MARTINS LTDA;PC-1052;2;816.74;5.0;CONCLUIDA;CARLA MENEZES
V-3305;2025-03-19;LOJA CENTRO;THIAGO ROCHA;PC-1045;8;419.39;15.0;CONCLUIDA;ANA PRADO
V-3226;2025-04-07;LOJA NORTE;AUTO CENTER ROCHA LTDA;PC-1025;1;509.91;20.0;CONCLUIDA;CARLA MENEZES
V-3016;2025-02-12;LOJA SUL;OFICINA LIMA LTDA;PC-1017;1;694.40;5.0;CONCLUIDA;CARLA MENEZES
V-3151;2025-06-15;LOJA SUL;AUTO CENTER ALMEIDA LTDA;PC-1046;1;260.11;5.0;CONCLUIDA;BRUNO TAVARES
V-3337;2025-01-26;LOJA CENTRO;JULIANA SANTOS;PC-1040;-4;417.86;20.0;DEVOLVIDA;ELAINE ROCHA
V-3286;2025-04-24;LOJA CENTRO;CENTRO AUTOMOTIVO SOUZA LTDA;PC-1021;1;1050.09;15.0;CONCLUIDA;BRUNO TAVARES
V-3194;2025-03-20;LOJA CENTRO;OFICINA RIBEIRO LTDA;PC-1014;1;348.61;0.0;CONCLUIDA;ELAINE ROCHA
V-3120;2025-02-02;LOJA NORTE;MECANICA BARBOSA LTDA;PC-1053;1;810.97;5.0;CONCLUIDA;ELAINE ROCHA
V-3276;2025-02-04;LOJA NORTE;LARISSA OLIVEIRA;PC-1052;1;824.38;10.0;CONCLUIDA;DIEGO FONTES
V-3105;2025-06-24;LOJA SUL;OFICINA ALMEIDA LTDA;PC-1006;2;700.06;0.0;CONCLUIDA;ELAINE ROCHA
V-3060;2025-06-11;LOJA NORTE;MECANICA BARBOSA LTDA;PC-1018;2;253.16;10.0;CONCLUIDA;DIEGO FONTES
V-3152;2025-03-11;LOJA SUL;ALINE TEIXEIRA;PC-1056;3;536.43;20.0;CONCLUIDA;DIEGO FONTES
V-3009;2025-03-01;LOJA NORTE;OFICINA SOUZA LTDA;PC-1008;1;705.72;0.0;CANCELADA;ELAINE ROCHA
V-3162;2025-04-04;LOJA CENTRO;OFICINA PEREIRA LTDA;PC-1005;4;498.10;5.0;CONCLUIDA;DIEGO FONTES
V-3384;2025-06-19;LOJA NORTE;THIAGO ROCHA;PC-1021;1;1016.12;20.0;CONCLUIDA;CARLA MENEZES
V-3293;2025-03-19;LOJA SUL;JULIANA MARTINS;PC-1055;2;332.80;10.0;CONCLUIDA;BRUNO TAVARES
V-3193;2025-02-02;LOJA SUL;OFICINA ALMEIDA LTDA;PC-1026;2;78.40;0.0;CANCELADA;CARLA MENEZES
V-3231;2025-04-29;LOJA SUL;OFICINA SILVA LTDA;PC-1013;1;811.55;10.0;CONCLUIDA;DIEGO FONTES
V-3308;2025-06-02;LOJA CENTRO;ALINE RIBEIRO;PC-1039;6;1071.75;15.0;CONCLUIDA;BRUNO TAVARES
V-3014;2025-02-18;LOJA CENTRO;MECANICA DIAS LTDA;PC-1004;4;315.41;0.0;CONCLUIDA;CARLA MENEZES
V-3175;2025-02-15;LOJA NORTE;CENTRO AUTOMOTIVO ALMEIDA LTDA;PC-1018;2;258.00;0.0;CONCLUIDA;ANA PRADO
V-3285;2025-05-18;LOJA CENTRO;AUTO CENTER ALMEIDA LTDA;PC-1030;1;219.31;20.0;CANCELADA;ELAINE ROCHA
V-3066;2025-04-05;LOJA CENTRO;PATRICIA OLIVEIRA;PC-1043;4;572.31;0.0;CONCLUIDA;BRUNO TAVARES
V-3096;2025-01-19;LOJA CENTRO;OFICINA RIBEIRO LTDA;PC-1045;-3;410.87;0.0;DEVOLVIDA;BRUNO TAVARES
V-3381;2025-03-26;LOJA CENTRO;CENTRO AUTOMOTIVO PEREIRA LTDA;PC-1057;2;154.04;20.0;CONCLUIDA;CARLA MENEZES
V-3144;2025-04-01;LOJA SUL;MARIANA TEIXEIRA;PC-1023;3;714.17;10.0;CONCLUIDA;DIEGO FONTES
V-3311;2025-06-09;LOJA CENTRO;AUTO CENTER RIBEIRO LTDA;PC-1015;1;530.91;5.0;CONCLUIDA;DIEGO FONTES
V-3271;2025-06-03;LOJA SUL;CENTRO AUTOMOTIVO DIAS LTDA;PC-1024;4;641.15;0.0;CONCLUIDA;BRUNO TAVARES
V-3261;2025-03-06;LOJA CENTRO;OFICINA SILVA LTDA;PC-1032;1;136.87;0.0;CONCLUIDA;DIEGO FONTES
V-3390;2025-06-19;LOJA CENTRO;AUTO CENTER SANTOS LTDA;PC-1010;1;1102.20;15.0;CONCLUIDA;ELAINE ROCHA
V-3303;2025-06-03;LOJA CENTRO;LUCAS BARBOSA;PC-1004;2;324.79;0.0;CONCLUIDA;DIEGO FONTES
V-3049;2025-05-28;LOJA CENTRO;AUTO CENTER BARBOSA LTDA;PC-1034;-2;1209.98;0.0;DEVOLVIDA;CARLA MENEZES
V-3266;2025-06-01;LOJA CENTRO;FERNANDA OLIVEIRA;PC-1016;2;865.66;0.0;CONCLUIDA;BRUNO TAVARES
V-3350;2025-02-20;LOJA NORTE;CENTRO AUTOMOTIVO SOUZA LTDA;PC-1027;8;1018.12;5.0;CONCLUIDA;CARLA MENEZES
V-3073;2025-03-08;LOJA SUL;MECANICA DIAS LTDA;PC-1055;1;348.50;0.0;CONCLUIDA;ELAINE ROCHA
V-3154;2025-01-03;LOJA NORTE;CENTRO AUTOMOTIVO ALMEIDA LTDA;PC-1011;1;938.36;20.0;CONCLUIDA;ANA PRADO
V-3091;2025-03-19;LOJA SUL;OFICINA RIBEIRO LTDA;PC-1030;2;220.42;5.0;CONCLUIDA;ANA PRADO
V-3058;2025-02-05;LOJA CENTRO;MECANICA DIAS LTDA;PC-1041;6;856.59;0.0;CONCLUIDA;CARLA MENEZES
V-3125;2025-02-24;LOJA SUL;OFICINA SANTOS LTDA;PC-1051;3;151.14;0.0;CONCLUIDA;ELAINE ROCHA
V-3070;2025-03-19;LOJA CENTRO;AUTO CENTER RIBEIRO LTDA;PC-1054;1;864.18;5.0;CONCLUIDA;ANA PRADO
V-3373;2025-01-22;LOJA SUL;OFICINA SANTOS LTDA;PC-1039;8;1021.40;0.0;CONCLUIDA;CARLA MENEZES
V-3059;2025-02-07;LOJA NORTE;CAMILA OLIVEIRA;PC-1032;1;138.45;0.0;CONCLUIDA;ANA PRADO
V-3099;2025-06-18;LOJA SUL;AUTO CENTER RIBEIRO LTDA;PC-1026;3;79.62;0.0;CONCLUIDA;DIEGO FONTES
V-3046;2025-05-10;LOJA CENTRO;AUTO CENTER BARBOSA LTDA;PC-1034;6;1215.01;5.0;CONCLUIDA;ELAINE ROCHA
V-3301;2025-06-16;LOJA SUL;CAMILA PEREIRA;PC-1038;1;1103.60;0.0;CONCLUIDA;ELAINE ROCHA
V-3305;2025-03-19;LOJA CENTRO;THIAGO ROCHA;PC-1015;4;508.03;5.0;CONCLUIDA;ANA PRADO
V-3036;2025-01-05;LOJA SUL;OFICINA RIBEIRO LTDA;PC-1042;4;531.11;0.0;CONCLUIDA;ANA PRADO
V-3010;2025-06-11;LOJA SUL;MECANICA OLIVEIRA LTDA;PC-1024;2;624.30;10.0;CONCLUIDA;CARLA MENEZES
V-3011;2025-02-22;LOJA NORTE;GUSTAVO SILVA;PC-1005;2;491.02;5.0;CONCLUIDA;DIEGO FONTES
V-3058;2025-02-05;LOJA CENTRO;MECANICA DIAS LTDA;PC-1056;3;568.84;0.0;CONCLUIDA;CARLA MENEZES
V-3312;2025-03-22;LOJA CENTRO;THIAGO ROCHA;PC-1003;8;1094.37;5.0;CONCLUIDA;ANA PRADO
V-3135;2025-06-26;LOJA NORTE;CENTRO AUTOMOTIVO TEIXEIRA LTDA;PC-1028;2;108.40;0.0;CONCLUIDA;DIEGO FONTES
V-3355;2025-03-04;LOJA CENTRO;AUTO CENTER RIBEIRO LTDA;PC-1043;1;583.88;0.0;CONCLUIDA;ELAINE ROCHA
V-3284;2025-05-26;LOJA NORTE;OFICINA SOUZA LTDA;PC-1029;3;86.05;0.0;CANCELADA;ANA PRADO
V-3348;2025-05-28;LOJA NORTE;CENTRO AUTOMOTIVO ROCHA LTDA;PC-1057;-2;150.96;0.0;DEVOLVIDA;ANA PRADO
V-3362;2025-04-04;LOJA NORTE;EDUARDO DIAS;PC-1047;8;655.21;0.0;CONCLUIDA;CARLA MENEZES
V-3030;2025-01-26;LOJA SUL;CAMILA PEREIRA;PC-1056;1;536.35;0.0;CONCLUIDA;ELAINE ROCHA
V-3312;2025-03-22;LOJA CENTRO;THIAGO ROCHA;PC-1019;2;450.87;5.0;CONCLUIDA;ANA PRADO
V-3098;2025-06-15;LOJA NORTE;RAFAEL SOUZA;PC-1030;2;224.80;0.0;CONCLUIDA;DIEGO FONTES
V-3213;2025-03-25;LOJA NORTE;CENTRO AUTOMOTIVO ALMEIDA LTDA;PC-1030;2;222.21;0.0;CONCLUIDA;ANA PRADO
V-3128;2025-06-25;LOJA SUL;CAMILA ALMEIDA;PC-1055;1;337.91;10.0;CONCLUIDA;BRUNO TAVARES
V-3299;2025-02-23;LOJA CENTRO;AUTO CENTER ALMEIDA LTDA;PC-1056;2;572.60;0.0;CONCLUIDA;DIEGO FONTES
V-3256;2025-02-01;LOJA SUL;OFICINA PEREIRA LTDA;PC-1033;8;50.24;0.0;CONCLUIDA;DIEGO FONTES
V-3177;2025-02-12;LOJA SUL;ALINE RIBEIRO;PC-1028;1;111.56;15.0;CONCLUIDA;CARLA MENEZES
V-3118;2025-03-18;LOJA CENTRO;OFICINA TEIXEIRA LTDA;PC-1027;2;1065.94;0.0;CONCLUIDA;ANA PRADO
V-3214;2025-01-24;LOJA SUL;THIAGO TEIXEIRA;PC-1057;4;158.57;0.0;CONCLUIDA;DIEGO FONTES
V-3126;2025-04-03;LOJA SUL;CAMILA OLIVEIRA;PC-1040;1;438.04;10.0;CANCELADA;ELAINE ROCHA
V-3237;2025-03-25;LOJA NORTE;MARIANA TEIXEIRA;PC-1025;1;512.57;20.0;CONCLUIDA;BRUNO TAVARES
V-3104;2025-01-18;LOJA NORTE;OFICINA ROCHA LTDA;PC-1013;1;845.79;0.0;CONCLUIDA;DIEGO FONTES
V-3002;2025-02-22;LOJA SUL;THIAGO CARVALHO;PC-1043;4;573.05;20.0;CONCLUIDA;CARLA MENEZES
V-3302;2025-02-22;LOJA SUL;RODRIGO ALMEIDA;PC-1019;2;449.27;0.0;CONCLUIDA;BRUNO TAVARES
V-3067;2025-05-25;LOJA SUL;BEATRIZ DIAS;PC-1015;-1;501.59;0.0;DEVOLVIDA;BRUNO TAVARES
V-3262;2025-04-08;LOJA NORTE;OFICINA SANTOS LTDA;PC-1052;3;831.90;0.0;CONCLUIDA;ANA PRADO
V-3215;2025-04-17;LOJA CENTRO;JULIANA TEIXEIRA;PC-1029;2;86.80;0.0;CONCLUIDA;ANA PRADO
V-3206;2025-03-16;LOJA CENTRO;OFICINA LIMA LTDA;PC-1008;1;692.69;5.0;CONCLUIDA;ANA PRADO
V-3300;2025-05-04;LOJA NORTE;FERNANDA OLIVEIRA;PC-1030;2;232.13;0.0;CONCLUIDA;CARLA MENEZES
V-3246;2025-04-01;LOJA SUL;MARIANA TEIXEIRA;PC-1012;1;97.35;15.0;CONCLUIDA;CARLA MENEZES
V-3133;2025-04-13;LOJA SUL;AUTO CENTER MARTINS LTDA;PC-1035;1;1056.38;0.0;CONCLUIDA;BRUNO TAVARES
V-3183;2025-01-23;LOJA CENTRO;CENTRO AUTOMOTIVO MARTINS LTDA;PC-1006;2;688.08;10.0;CONCLUIDA;ELAINE ROCHA
V-3230;2025-05-26;LOJA NORTE;PATRICIA OLIVEIRA;PC-1027;3;1016.00;10.0;CONCLUIDA;ELAINE ROCHA
V-3333;2025-04-25;LOJA CENTRO;RAFAEL SOUZA;PC-1019;2;476.91;20.0;CONCLUIDA;CARLA MENEZES
V-3251;2025-02-12;LOJA CENTRO;OFICINA ROCHA LTDA;PC-1024;6;649.66;0.0;CONCLUIDA;BRUNO TAVARES
V-3323;2025-01-27;LOJA SUL;THIAGO ROCHA;PC-1018;-3;248.38;10.0;DEVOLVIDA;DIEGO FONTES
V-3272;2025-04-02;LOJA NORTE;MECANICA MARTINS LTDA;PC-1011;2;982.34;0.0;CONCLUIDA;CARLA MENEZES
V-3236;2025-06-27;LOJA NORTE;THIAGO PEREIRA;PC-1008;1;706.63;0.0;CONCLUIDA;BRUNO TAVARES
V-3294;2025-04-25;LOJA SUL;CENTRO AUTOMOTIVO DIAS LTDA;PC-1019;1;463.82;0.0;CONCLUIDA;ANA PRADO
V-3395;2025-06-21;LOJA CENTRO;MECANICA SOUZA LTDA;PC-1041;2;842.61;0.0;CANCELADA;ANA PRADO
V-3165;2025-05-10;LOJA SUL;CAMILA OLIVEIRA;PC-1030;6;226.86;0.0;CANCELADA;ANA PRADO
V-3297;2025-06-02;LOJA SUL;AUTO CENTER ROCHA LTDA;PC-1003;4;1098.94;10.0;CONCLUIDA;ANA PRADO
V-3393;2025-02-24;LOJA SUL;AUTO CENTER CARVALHO LTDA;PC-1041;1;833.56;5.0;CONCLUIDA;DIEGO FONTES
V-3144;2025-04-01;LOJA SUL;MARIANA TEIXEIRA;PC-1037;4;493.32;10.0;CONCLUIDA;DIEGO FONTES
V-3209;2025-03-06;LOJA SUL;CENTRO AUTOMOTIVO TEIXEIRA LTDA;PC-1029;-6;88.17;15.0;DEVOLVIDA;CARLA MENEZES
V-3154;2025-01-03;LOJA NORTE;CENTRO AUTOMOTIVO ALMEIDA LTDA;PC-1027;2;1027.15;5.0;CONCLUIDA;ANA PRADO
V-3282;2025-03-20;LOJA SUL;OFICINA ALMEIDA LTDA;PC-1019;1;463.11;0.0;CONCLUIDA;ELAINE ROCHA
V-3268;2025-02-27;LOJA NORTE;AUTO CENTER SANTOS LTDA;PC-1005;2;507.77;5.0;CONCLUIDA;DIEGO FONTES
V-3184;2025-05-29;LOJA SUL;JULIANA SANTOS;PC-1005;-2;496.85;0.0;DEVOLVIDA;ANA PRADO
V-3126;2025-04-03;LOJA SUL;CAMILA OLIVEIRA;PC-1052;1;791.64;0.0;CANCELADA;ELAINE ROCHA
V-3069;2025-04-30;LOJA CENTRO;CENTRO AUTOMOTIVO SOUZA LTDA;PC-1006;4;697.22;0.0;CONCLUIDA;DIEGO FONTES
V-3182;2025-02-21;LOJA NORTE;OFICINA ALMEIDA LTDA;PC-1057;4;153.57;0.0;CONCLUIDA;BRUNO TAVARES
V-3326;2025-03-24;LOJA NORTE;RAFAEL SOUZA;PC-1048;6;426.45;0.0;CONCLUIDA;ANA PRADO
V-3044;2025-05-01;LOJA NORTE;JULIANA TEIXEIRA;PC-1047;6;646.64;5.0;CONCLUIDA;CARLA MENEZES
V-3306;2025-03-30;LOJA NORTE;OFICINA MARTINS LTDA;PC-1011;2;938.15;0.0;CONCLUIDA;BRUNO TAVARES
V-3024;2025-01-04;LOJA SUL;MECANICA PEREIRA LTDA;PC-1030;1;227.15;0.0;CANCELADA;CARLA MENEZES
V-3351;2025-02-05;LOJA NORTE;OFICINA RIBEIRO LTDA;PC-1023;2;676.91;0.0;CONCLUIDA;ELAINE ROCHA
V-3034;2025-06-01;LOJA SUL;PATRICIA OLIVEIRA;PC-1028;2;109.73;0.0;CONCLUIDA;ANA PRADO
V-3325;2025-01-22;LOJA CENTRO;MECANICA OLIVEIRA LTDA;PC-1046;2;255.39;0.0;CONCLUIDA;ANA PRADO
V-3215;2025-04-17;LOJA CENTRO;JULIANA TEIXEIRA;PC-1012;1;93.14;20.0;CONCLUIDA;ANA PRADO
V-3352;2025-04-11;LOJA CENTRO;AUTO CENTER RIBEIRO LTDA;PC-1038;1;1113.82;15.0;CONCLUIDA;DIEGO FONTES
V-3122;2025-05-29;LOJA SUL;OFICINA PEREIRA LTDA;PC-1051;1;153.41;0.0;CONCLUIDA;CARLA MENEZES
V-3009;2025-03-01;LOJA NORTE;OFICINA SOUZA LTDA;PC-1009;2;471.18;20.0;CANCELADA;ELAINE ROCHA
V-3135;2025-06-26;LOJA NORTE;CENTRO AUTOMOTIVO TEIXEIRA LTDA;PC-1055;1;345.23;0.0;CONCLUIDA;DIEGO FONTES
V-3389;2025-04-15;LOJA CENTRO;CENTRO AUTOMOTIVO SOUZA LTDA;PC-1033;3;52.49;0.0;CONCLUIDA;BRUNO TAVARES
V-3208;2025-02-21;LOJA SUL;CENTRO AUTOMOTIVO DIAS LTDA;PC-1007;4;366.02;5.0;CONCLUIDA;ELAINE ROCHA
V-3185;2025-03-14;LOJA SUL;CAMILA CARVALHO;PC-1039;1;1060.53;10.0;CONCLUIDA;ELAINE ROCHA
V-3060;2025-06-11;LOJA NORTE;MECANICA BARBOSA LTDA;PC-1054;3;899.29;15.0;CONCLUIDA;DIEGO FONTES
V-3195;2025-01-22;LOJA NORTE;OFICINA SANTOS LTDA;PC-1040;3;412.11;5.0;CONCLUIDA;ELAINE ROCHA
V-3217;2025-05-21;LOJA NORTE;AUTO CENTER ROCHA LTDA;PC-1010;1;1102.35;5.0;CONCLUIDA;BRUNO TAVARES
V-3247;2025-02-24;LOJA CENTRO;CAMILA ALMEIDA;PC-1033;1;50.62;0.0;CONCLUIDA;DIEGO FONTES
V-3087;2025-05-12;LOJA SUL;OFICINA SANTOS LTDA;PC-1032;1;140.84;15.0;CONCLUIDA;CARLA MENEZES
V-3246;2025-04-01;LOJA SUL;MARIANA TEIXEIRA;PC-1040;1;422.83;15.0;CONCLUIDA;CARLA MENEZES
